#
# There is insufficient memory for the Java Runtime Environment to continue.
# Native memory allocation (mmap) failed to map 328204288 bytes for G1 virtual space
# Possible reasons:
#   The system is out of physical RAM or swap space
#   The process is running with CompressedOops enabled, and the Java Heap may be blocking the growth of the native heap
# Possible solutions:
#   Reduce memory load on the system
#   Increase physical memory or swap space
#   Check if swap backing store is full
#   Decrease Java heap size (-Xmx/-Xms)
#   Decrease number of Java threads
#   Decrease Java thread stack sizes (-Xss)
#   Set larger code cache with -XX:ReservedCodeCacheSize=
#   JVM is running with Unscaled Compressed Oops mode in which the Java heap is
#     placed in the first 4GB address space. The Java Heap base address is the
#     maximum limit for the native heap growth. Please use -XX:HeapBaseMinAddress
#     to set the Java Heap base and to place the Java Heap above 4GB virtual address.
# This output file may be truncated or incomplete.
#
#  Out of Memory Error (os_windows.cpp:3469), pid=11492, tid=12448
#
# JRE version: OpenJDK Runtime Environment (17.0+35) (build 17+35-2724)
# Java VM: OpenJDK 64-Bit Server VM (17+35-2724, mixed mode, sharing, tiered, compressed oops, compressed class ptrs, g1 gc, windows-amd64)
# No core dump will be written. Minidumps are not enabled by default on client versions of Windows
#

---------------  S U M M A R Y ------------

Command Line: --add-opens=java.base/java.lang=ALL-UNNAMED --add-opens=java.base/java.lang.invoke=ALL-UNNAMED --add-opens=java.base/java.util=ALL-UNNAMED --add-opens=java.prefs/java.util.prefs=ALL-UNNAMED --add-exports=jdk.compiler/com.sun.tools.javac.api=ALL-UNNAMED --add-exports=jdk.compiler/com.sun.tools.javac.util=ALL-UNNAMED --add-opens=java.base/java.util=ALL-UNNAMED --add-opens=java.prefs/java.util.prefs=ALL-UNNAMED --add-opens=java.base/java.nio.charset=ALL-UNNAMED --add-opens=java.base/java.net=ALL-UNNAMED --add-opens=java.base/java.util.concurrent=ALL-UNNAMED --add-opens=java.base/java.util.concurrent.atomic=ALL-UNNAMED --add-opens=java.xml/javax.xml.namespace=ALL-UNNAMED --add-opens=java.base/java.time=ALL-UNNAMED -XX:MaxMetaspaceSize=512m -Xmx2048m -Dfile.encoding=windows-1252 -Duser.country=US -Duser.language=en -Duser.variant -javaagent:C:\Users\Arpit\.gradle\wrapper\dists\gradle-9.4.1-bin\arn2x92ynaizyzdaamcbpbhtj\gradle-9.4.1\lib\agents\gradle-instrumentation-agent-9.4.1.jar org.gradle.launcher.daemon.bootstrap.GradleDaemon 9.4.1

Host: AMD Ryzen 5 5500U with Radeon Graphics         , 12 cores, 5G,  Windows 10 , 64 bit Build 26100 (10.0.26100.9549)
Time: Mon Oct  5 15:41:38 2026 India Standard Time elapsed time: 5571.561601 seconds (0d 1h 32m 51s)

---------------  T H R E A D  ---------------

Current thread (0x0000000021475630):  VMThread "VM Thread" [stack: 0x0000000022000000,0x0000000022100000] [id=12448]

Stack: [0x0000000022000000,0x0000000022100000]
Native frames: (J=compiled Java code, j=interpreted, Vv=VM code, C=native code)
V  [jvm.dll+0x66f8ea]
V  [jvm.dll+0x7ce224]
V  [jvm.dll+0x7cf9ce]
V  [jvm.dll+0x7d0033]
V  [jvm.dll+0x242bb5]
V  [jvm.dll+0x66c909]
V  [jvm.dll+0x6613d2]
V  [jvm.dll+0x30082b]
V  [jvm.dll+0x307db6]
V  [jvm.dll+0x357a0e]
V  [jvm.dll+0x357c3f]
V  [jvm.dll+0x2d7ae8]
V  [jvm.dll+0x2d5db4]
V  [jvm.dll+0x2d53bc]
V  [jvm.dll+0x318d1b]
V  [jvm.dll+0x7d44cb]
V  [jvm.dll+0x7d5204]
V  [jvm.dll+0x7d571c]
V  [jvm.dll+0x7d5af4]
V  [jvm.dll+0x7d5bc0]
V  [jvm.dll+0x77e7ea]
V  [jvm.dll+0x66e715]
C  [ucrtbase.dll+0x2cd30]
C  [KERNEL32.DLL+0x2cdf7]
C  [ntdll.dll+0x7ee4c]

VM_Operation (0x000000004243ebd0): G1CollectForAllocation, mode: safepoint, requested by thread 0x000000002e7f42e0


---------------  P R O C E S S  ---------------

Threads class SMR info:
_java_thread_list=0x0000000028246400, length=123, elements={
0x0000000002c1a1f0, 0x0000000021476b60, 0x0000000021477030, 0x000000002148deb0,
0x000000002148e380, 0x0000000021490860, 0x0000000021494d40, 0x0000000021495540,
0x00000000214bb660, 0x00000000214efb80, 0x0000000022bd2fe0, 0x0000000022c7bca0,
0x00000000243ee8a0, 0x0000000023bfa050, 0x0000000023cde3d0, 0x0000000022b42c20,
0x0000000022b430f0, 0x0000000022b435c0, 0x0000000022b40a70, 0x0000000022b40f40,
0x0000000025728210, 0x0000000025729a20, 0x00000000247a41c0, 0x0000000025a43df0,
0x0000000025a412a0, 0x0000000025a425e0, 0x0000000025a43450, 0x0000000025a41770,
0x0000000025a46e10, 0x0000000025a477b0, 0x000000002ecdcfc0, 0x000000002ecdd960,
0x000000002ecdfb10, 0x000000002ecdf640, 0x000000002ece2190, 0x000000002fd962f0,
0x000000002fd984a0, 0x000000002d497350, 0x0000000025a442c0, 0x000000002e7f5150,
0x000000002e78a3a0, 0x0000000038f37980, 0x00000000306636e0, 0x0000000030661a00,
0x00000000384ed980, 0x00000000384ed4b0, 0x000000002f1b4a40, 0x000000002f1b2890,
0x000000002f1b3bd0, 0x000000002f1b4f10, 0x000000002fd97fd0, 0x000000002fd967c0,
0x000000002fd97630, 0x000000002fd94ae0, 0x000000002fd96c90, 0x000000002fd95480,
0x000000002fd97b00, 0x00000000388c0b60, 0x00000000388bfcf0, 0x0000000024750d30,
0x0000000024750390, 0x0000000024750860, 0x000000002474fec0, 0x000000002474f520,
0x000000002474f9f0, 0x0000000024f46560, 0x0000000024f46a30, 0x0000000024f47d70,
0x0000000024f48240, 0x0000000024f49a50, 0x0000000024f46f00, 0x00000000388c19d0,
0x000000002caea650, 0x000000002caec800, 0x00000000302e3950, 0x00000000388bf820,
0x00000000388c01c0, 0x0000000030663bb0, 0x0000000030661060, 0x0000000030661530,
0x0000000030662d40, 0x0000000030664080, 0x0000000030664550, 0x0000000030664a20,
0x000000003089d940, 0x000000003089de10, 0x000000003089e2e0, 0x00000000302e5630,
0x00000000302e5160, 0x00000000388c1030, 0x000000002e762f50, 0x0000000025a47c80,
0x00000000384ea490, 0x00000000388bf350, 0x000000002caed1a0, 0x000000002e7f2fa0,
0x000000002f1b2d60, 0x00000000302e3480, 0x0000000024f48710, 0x000000002e763420,
0x000000003089cad0, 0x0000000030661ed0, 0x000000002e7638f0, 0x00000000385e95d0,
0x00000000385eb780, 0x00000000384eae30, 0x000000002e7f4c80, 0x00000000388c0690,
0x00000000385eb2b0, 0x00000000384ea960, 0x0000000038baf1f0, 0x0000000038bae850,
0x000000002e7f3940, 0x0000000038baf6c0, 0x00000000388c1500, 0x00000000388be010,
0x000000002e7f42e0, 0x00000000385e8290, 0x0000000038bad9e0, 0x0000000027f12960,
0x0000000024f473d0, 0x000000002e7f47b0, 0x000000002d900690
}

Java Threads: ( => current thread )
  0x0000000002c1a1f0 JavaThread "main" [_thread_blocked, id=11092, stack(0x00000000022e0000,0x00000000023e0000)]
  0x0000000021476b60 JavaThread "Reference Handler" daemon [_thread_blocked, id=10356, stack(0x0000000022100000,0x0000000022200000)]
  0x0000000021477030 JavaThread "Finalizer" daemon [_thread_blocked, id=10500, stack(0x0000000022200000,0x0000000022300000)]
  0x000000002148deb0 JavaThread "Signal Dispatcher" daemon [_thread_blocked, id=10352, stack(0x0000000022410000,0x0000000022510000)]
  0x000000002148e380 JavaThread "Attach Listener" daemon [_thread_blocked, id=11028, stack(0x0000000022510000,0x0000000022610000)]
  0x0000000021490860 JavaThread "Service Thread" daemon [_thread_blocked, id=16304, stack(0x0000000022610000,0x0000000022710000)]
  0x0000000021494d40 JavaThread "Monitor Deflation Thread" daemon [_thread_blocked, id=14060, stack(0x0000000022710000,0x0000000022810000)]
  0x0000000021495540 JavaThread "C2 CompilerThread0" daemon [_thread_blocked, id=22460, stack(0x0000000022810000,0x0000000022910000)]
  0x00000000214bb660 JavaThread "C1 CompilerThread0" daemon [_thread_blocked, id=11024, stack(0x0000000022910000,0x0000000022a10000)]
  0x00000000214efb80 JavaThread "Sweeper thread" daemon [_thread_blocked, id=11480, stack(0x0000000022a10000,0x0000000022b10000)]
  0x0000000022bd2fe0 JavaThread "Common-Cleaner" daemon [_thread_blocked, id=13316, stack(0x0000000022f10000,0x0000000023010000)]
  0x0000000022c7bca0 JavaThread "Notification Thread" daemon [_thread_blocked, id=20792, stack(0x0000000023010000,0x0000000023110000)]
  0x00000000243ee8a0 JavaThread "Daemon health stats" [_thread_blocked, id=344, stack(0x0000000025eb0000,0x0000000025fb0000)]
  0x0000000023bfa050 JavaThread "Incoming local TCP Connector on port 52160" [_thread_in_native, id=10472, stack(0x0000000025db0000,0x0000000025eb0000)]
  0x0000000023cde3d0 JavaThread "Daemon periodic checks" [_thread_blocked, id=6060, stack(0x00000000266f0000,0x00000000267f0000)]
  0x0000000022b42c20 JavaThread "Cache worker for journal cache (C:\Users\Arpit\.gradle\caches\journal-1)" [_thread_blocked, id=11516, stack(0x0000000028930000,0x0000000028a30000)]
  0x0000000022b430f0 JavaThread "File lock request listener" [_thread_in_native, id=7776, stack(0x0000000028c90000,0x0000000028d90000)]
  0x0000000022b435c0 JavaThread "Cache worker for file hash cache (C:\Users\Arpit\.gradle\caches\9.4.1\fileHashes)" [_thread_blocked, id=2768, stack(0x0000000028b80000,0x0000000028c80000)]
  0x0000000022b40a70 JavaThread "File watcher server" daemon [_thread_blocked, id=22112, stack(0x000000002afd0000,0x000000002b0d0000)]
  0x0000000022b40f40 JavaThread "File watcher consumer" daemon [_thread_blocked, id=2340, stack(0x000000002ac00000,0x000000002ad00000)]
  0x0000000025728210 JavaThread "Cache worker for file content cache (C:\Users\Arpit\.gradle\caches\9.4.1\fileContent)" [_thread_blocked, id=22128, stack(0x000000002ad00000,0x000000002ae00000)]
  0x0000000025729a20 JavaThread "jar transforms" [_thread_blocked, id=22976, stack(0x000000002cbd0000,0x000000002ccd0000)]
  0x00000000247a41c0 JavaThread "Memory manager" [_thread_blocked, id=7332, stack(0x0000000030c10000,0x0000000030d10000)]
  0x0000000025a43df0 JavaThread "jar transforms Thread 2" [_thread_blocked, id=17388, stack(0x000000002fa50000,0x000000002fb50000)]
  0x0000000025a412a0 JavaThread "jar transforms Thread 3" [_thread_blocked, id=10348, stack(0x0000000034900000,0x0000000034a00000)]
  0x0000000025a425e0 JavaThread "jar transforms Thread 4" [_thread_blocked, id=10024, stack(0x0000000034b00000,0x0000000034c00000)]
  0x0000000025a43450 JavaThread "jar transforms Thread 5" [_thread_blocked, id=2220, stack(0x0000000034d00000,0x0000000034e00000)]
  0x0000000025a41770 JavaThread "jar transforms Thread 6" [_thread_blocked, id=12480, stack(0x0000000034e00000,0x0000000034f00000)]
  0x0000000025a46e10 JavaThread "jar transforms Thread 7" [_thread_blocked, id=18900, stack(0x0000000035900000,0x0000000035a00000)]
  0x0000000025a477b0 JavaThread "jar transforms Thread 8" [_thread_blocked, id=5576, stack(0x00000000006d0000,0x00000000007d0000)]
  0x000000002ecdcfc0 JavaThread "jar transforms Thread 9" [_thread_blocked, id=9644, stack(0x0000000035de0000,0x0000000035ee0000)]
  0x000000002ecdd960 JavaThread "jar transforms Thread 10" [_thread_blocked, id=21572, stack(0x0000000035ee0000,0x0000000035fe0000)]
  0x000000002ecdfb10 JavaThread "jar transforms Thread 11" [_thread_blocked, id=3536, stack(0x0000000036800000,0x0000000036900000)]
  0x000000002ecdf640 JavaThread "jar transforms Thread 12" [_thread_blocked, id=684, stack(0x00000000007d0000,0x00000000008d0000)]
  0x000000002ece2190 JavaThread "Cache worker for Java compile cache (C:\Users\Arpit\.gradle\caches\9.4.1\javaCompile)" [_thread_blocked, id=6356, stack(0x0000000036b00000,0x0000000036c00000)]
  0x000000002fd962f0 JavaThread "ForkJoinPool.commonPool-worker-13" daemon [_thread_blocked, id=3220, stack(0x0000000030e10000,0x0000000030f10000)]
  0x000000002fd984a0 JavaThread "ForkJoinPool.commonPool-worker-14" daemon [_thread_blocked, id=11400, stack(0x0000000033000000,0x0000000033100000)]
  0x000000002d497350 JavaThread "ForkJoinPool.commonPool-worker-15" daemon [_thread_blocked, id=9516, stack(0x0000000033100000,0x0000000033200000)]
  0x0000000025a442c0 JavaThread "ForkJoinPool.commonPool-worker-16" daemon [_thread_blocked, id=23344, stack(0x0000000033200000,0x0000000033300000)]
  0x000000002e7f5150 JavaThread "ForkJoinPool.commonPool-worker-17" daemon [_thread_blocked, id=23436, stack(0x0000000033300000,0x0000000033400000)]
  0x000000002e78a3a0 JavaThread "ForkJoinPool.commonPool-worker-18" daemon [_thread_blocked, id=14196, stack(0x0000000033400000,0x0000000033500000)]
  0x0000000038f37980 JavaThread "RMI Scheduler(0)" daemon [_thread_blocked, id=13300, stack(0x0000000033800000,0x0000000033900000)]
  0x00000000306636e0 JavaThread "RMI RenewClean-[127.0.0.1:17880,org.jetbrains.kotlin.daemon.common.LoopbackNetworkInterface$ClientLoopbackSocketFactory@664a9536]" daemon [_thread_blocked, id=5460, stack(0x0000000034600000,0x0000000034700000)]
  0x0000000030661a00 JavaThread "RMI GC Daemon" daemon [_thread_blocked, id=2292, stack(0x0000000034700000,0x0000000034800000)]
  0x00000000384ed980 JavaThread "RMI TCP Accept-0" daemon [_thread_in_native, id=24260, stack(0x0000000034800000,0x0000000034900000)]
  0x00000000384ed4b0 JavaThread "RMI Reaper" [_thread_blocked, id=11504, stack(0x0000000034a00000,0x0000000034b00000)]
  0x000000002f1b4a40 JavaThread "Daemon Thread 3" [_thread_blocked, id=15232, stack(0x00000000008d0000,0x00000000009d0000)]
  0x000000002f1b2890 JavaThread "Handler for socket connection from /127.0.0.1:52160 to /127.0.0.1:55625" [_thread_in_native, id=10328, stack(0x0000000027160000,0x0000000027260000)]
  0x000000002f1b3bd0 JavaThread "Cancel handler" [_thread_blocked, id=10924, stack(0x0000000027260000,0x0000000027360000)]
  0x000000002f1b4f10 JavaThread "Daemon worker Thread 3" [_thread_blocked, id=7196, stack(0x0000000027360000,0x0000000027460000)]
  0x000000002fd97fd0 JavaThread "Asynchronous log dispatcher for DefaultDaemonConnection: socket connection from /127.0.0.1:52160 to /127.0.0.1:55625" [_thread_blocked, id=16884, stack(0x0000000027460000,0x0000000027560000)]
  0x000000002fd967c0 JavaThread "Stdin handler" [_thread_blocked, id=15888, stack(0x0000000027560000,0x0000000027660000)]
  0x000000002fd97630 JavaThread "Daemon client event forwarder" [_thread_blocked, id=4408, stack(0x0000000027660000,0x0000000027760000)]
  0x000000002fd94ae0 JavaThread "Cache worker for file hash cache (C:\Users\Arpit\Downloads\Jamin_Drawer\android\.gradle\9.4.1\fileHashes)" [_thread_blocked, id=8356, stack(0x0000000027760000,0x0000000027860000)]
  0x000000002fd96c90 JavaThread "Cache worker for Build Output Cleanup Cache (C:\Users\Arpit\Downloads\Jamin_Drawer\android\.gradle\buildOutputCleanup)" [_thread_blocked, id=1060, stack(0x0000000029fc0000,0x000000002a0c0000)]
  0x000000002fd95480 JavaThread "Cache worker for checksums cache (C:\Users\Arpit\Downloads\Jamin_Drawer\android\.gradle\9.4.1\checksums)" [_thread_blocked, id=19712, stack(0x000000002a0c0000,0x000000002a1c0000)]
  0x000000002fd97b00 JavaThread "Cache worker for cache directory md-supplier (C:\Users\Arpit\.gradle\caches\9.4.1\md-supplier)" [_thread_blocked, id=7172, stack(0x000000002a1c0000,0x000000002a2c0000)]
  0x00000000388c0b60 JavaThread "Cache worker for cache directory md-rule (C:\Users\Arpit\.gradle\caches\9.4.1\md-rule)" [_thread_blocked, id=22032, stack(0x000000002a2c0000,0x000000002a3c0000)]
  0x00000000388bfcf0 JavaThread "Cache worker for Build Output Cleanup Cache (C:\Users\Arpit\Downloads\Jamin_Drawer\node_modules\@react-native\gradle-plugin\.gradle\buildOutputCleanup)" [_thread_blocked, id=9068, stack(0x000000002ae00000,0x000000002af00000)]
  0x0000000024750d30 JavaThread "Build operations" [_thread_blocked, id=15496, stack(0x000000002b0d0000,0x000000002b1d0000)]
  0x0000000024750390 JavaThread "Build operations Thread 2" [_thread_blocked, id=17228, stack(0x000000002ccd0000,0x000000002cdd0000)]
  0x0000000024750860 JavaThread "Build operations Thread 3" [_thread_blocked, id=24584, stack(0x000000002dda0000,0x000000002dea0000)]
  0x000000002474fec0 JavaThread "Build operations Thread 4" [_thread_blocked, id=16940, stack(0x000000002dea0000,0x000000002dfa0000)]
  0x000000002474f520 JavaThread "Build operations Thread 5" [_thread_blocked, id=1760, stack(0x000000002dfa0000,0x000000002e0a0000)]
  0x000000002474f9f0 JavaThread "Build operations Thread 6" [_thread_blocked, id=23108, stack(0x000000002e0a0000,0x000000002e1a0000)]
  0x0000000024f46560 JavaThread "Build operations Thread 7" [_thread_blocked, id=20276, stack(0x000000002e1a0000,0x000000002e2a0000)]
  0x0000000024f46a30 JavaThread "Build operations Thread 8" [_thread_blocked, id=20208, stack(0x000000002f350000,0x000000002f450000)]
  0x0000000024f47d70 JavaThread "Build operations Thread 9" [_thread_blocked, id=23520, stack(0x000000002f450000,0x000000002f550000)]
  0x0000000024f48240 JavaThread "Build operations Thread 10" [_thread_blocked, id=13044, stack(0x000000002f550000,0x000000002f650000)]
  0x0000000024f49a50 JavaThread "Build operations Thread 11" [_thread_blocked, id=3148, stack(0x000000002f650000,0x000000002f750000)]
  0x0000000024f46f00 JavaThread "Build operations Thread 12" [_thread_blocked, id=23556, stack(0x000000002f750000,0x000000002f850000)]
  0x00000000388c19d0 JavaThread "build event listener" [_thread_blocked, id=21788, stack(0x000000002f950000,0x000000002fa50000)]
  0x000000002caea650 JavaThread "ForkJoinPool.commonPool-worker-23" daemon [_thread_blocked, id=15884, stack(0x000000002f850000,0x000000002f950000)]
  0x000000002caec800 JavaThread "ForkJoinPool.commonPool-worker-22" daemon [_thread_blocked, id=10224, stack(0x0000000033600000,0x0000000033700000)]
  0x00000000302e3950 JavaThread "included builds" [_thread_blocked, id=5824, stack(0x0000000033a00000,0x0000000033b00000)]
  0x00000000388bf820 JavaThread "Execution worker" [_thread_blocked, id=16896, stack(0x0000000033b00000,0x0000000033c00000)]
  0x00000000388c01c0 JavaThread "Execution worker Thread 2" [_thread_blocked, id=25328, stack(0x0000000033c00000,0x0000000033d00000)]
  0x0000000030663bb0 JavaThread "Execution worker Thread 3" [_thread_blocked, id=6972, stack(0x0000000033d00000,0x0000000033e00000)]
  0x0000000030661060 JavaThread "Execution worker Thread 4" [_thread_blocked, id=11616, stack(0x0000000033e00000,0x0000000033f00000)]
  0x0000000030661530 JavaThread "Execution worker Thread 5" [_thread_blocked, id=2368, stack(0x0000000033f00000,0x0000000034000000)]
  0x0000000030662d40 JavaThread "Execution worker Thread 6" [_thread_blocked, id=16356, stack(0x0000000034000000,0x0000000034100000)]
  0x0000000030664080 JavaThread "Execution worker Thread 7" [_thread_blocked, id=3912, stack(0x0000000034100000,0x0000000034200000)]
  0x0000000030664550 JavaThread "Execution worker Thread 8" [_thread_blocked, id=2484, stack(0x0000000034200000,0x0000000034300000)]
  0x0000000030664a20 JavaThread "Execution worker Thread 9" [_thread_blocked, id=19428, stack(0x0000000034300000,0x0000000034400000)]
  0x000000003089d940 JavaThread "Execution worker Thread 10" [_thread_blocked, id=21808, stack(0x0000000034400000,0x0000000034500000)]
  0x000000003089de10 JavaThread "Execution worker Thread 11" [_thread_blocked, id=2900, stack(0x0000000034500000,0x0000000034600000)]
  0x000000003089e2e0 JavaThread "Cache worker for execution history cache (C:\Users\Arpit\Downloads\Jamin_Drawer\node_modules\@react-native\gradle-plugin\.gradle\9.4.1\executionHistory)" [_thread_blocked, id=10344, stack(0x0000000034c00000,0x0000000034d00000)]
  0x00000000302e5630 JavaThread "build event listener" [_thread_blocked, id=1136, stack(0x0000000034f00000,0x0000000035000000)]
  0x00000000302e5160 JavaThread "Problems report writer" [_thread_blocked, id=23360, stack(0x0000000035800000,0x0000000035900000)]
  0x00000000388c1030 JavaThread "build event listener" [_thread_blocked, id=6152, stack(0x0000000036a00000,0x0000000036b00000)]
  0x000000002e762f50 JavaThread "Cache worker for execution history cache (C:\Users\Arpit\Downloads\Jamin_Drawer\android\.gradle\9.4.1\executionHistory)" [_thread_blocked, id=1624, stack(0x0000000039510000,0x0000000039610000)]
  0x0000000025a47c80 JavaThread "WorkerExecutor Queue Thread 2" [_thread_blocked, id=17892, stack(0x0000000039610000,0x0000000039710000)]
  0x00000000384ea490 JavaThread "WorkerExecutor Queue Thread 4" [_thread_in_native, id=17596, stack(0x000000003aa00000,0x000000003ab00000)]
  0x00000000388bf350 JavaThread "WorkerExecutor Queue Thread 6" [_thread_blocked, id=24040, stack(0x000000003e4a0000,0x000000003e5a0000)]
  0x000000002caed1a0 JavaThread "WorkerExecutor Queue Thread 7" [_thread_blocked, id=18412, stack(0x000000003f630000,0x000000003f730000)]
  0x000000002e7f2fa0 JavaThread "WorkerExecutor Queue Thread 9" [_thread_in_native, id=18388, stack(0x0000000040640000,0x0000000040740000)]
  0x000000002f1b2d60 JavaThread "WorkerExecutor Queue Thread 10" [_thread_blocked, id=2256, stack(0x0000000040740000,0x0000000040840000)]
  0x00000000302e3480 JavaThread "WorkerExecutor Queue Thread 11" [_thread_blocked, id=21408, stack(0x0000000040840000,0x0000000040940000)]
  0x0000000024f48710 JavaThread "WorkerExecutor Queue Thread 12" [_thread_blocked, id=10280, stack(0x0000000040940000,0x0000000040a40000)]
  0x000000002e763420 JavaThread "RMI RenewClean-[127.0.0.1:17567,org.jetbrains.kotlin.daemon.common.LoopbackNetworkInterface$ClientLoopbackSocketFactory@83f03d5]" daemon [_thread_blocked, id=19528, stack(0x000000003ab00000,0x000000003ac00000)]
  0x000000003089cad0 JavaThread "WorkerExecutor Queue Thread 13" [_thread_blocked, id=6844, stack(0x0000000040540000,0x0000000040640000)]
  0x0000000030661ed0 JavaThread "RMI RenewClean-[127.0.0.1:17567,org.jetbrains.kotlin.daemon.common.LoopbackNetworkInterface$ClientLoopbackSocketFactory@4bab59ad]" daemon [_thread_blocked, id=3396, stack(0x0000000040a40000,0x0000000040b40000)]
  0x000000002e7638f0 JavaThread "RMI TCP Accept-0" daemon [_thread_in_native, id=1096, stack(0x0000000040b40000,0x0000000040c40000)]
  0x00000000385e95d0 JavaThread "RMI TCP Connection(idle)" daemon [_thread_blocked, id=21992, stack(0x0000000040c40000,0x0000000040d40000)]
  0x00000000385eb780 JavaThread "RMI TCP Connection(idle)" daemon [_thread_blocked, id=1108, stack(0x0000000040d40000,0x0000000040e40000)]
  0x00000000384eae30 JavaThread "RMI RenewClean-[127.0.0.1:17567,org.jetbrains.kotlin.daemon.common.LoopbackNetworkInterface$ClientLoopbackSocketFactory@7e8a318b]" daemon [_thread_blocked, id=20424, stack(0x0000000040e40000,0x0000000040f40000)]
  0x000000002e7f4c80 JavaThread "RMI TCP Connection(idle)" daemon [_thread_blocked, id=19072, stack(0x0000000040f40000,0x0000000041040000)]
  0x00000000388c0690 JavaThread "RMI RenewClean-[127.0.0.1:17567,org.jetbrains.kotlin.daemon.common.LoopbackNetworkInterface$ClientLoopbackSocketFactory@72841357]" daemon [_thread_blocked, id=7712, stack(0x0000000033500000,0x0000000033600000)]
  0x00000000385eb2b0 JavaThread "WorkerExecutor Queue Thread 17" [_thread_blocked, id=11820, stack(0x000000003e3a0000,0x000000003e4a0000)]
  0x00000000384ea960 JavaThread "RMI TCP Connection(18)-127.0.0.1" daemon [_thread_in_native, id=2796, stack(0x0000000042040000,0x0000000042140000)]
  0x0000000038baf1f0 JavaThread "ForkJoinPool-1-worker-1" daemon [_thread_blocked, id=16216, stack(0x0000000033700000,0x0000000033800000)]
  0x0000000038bae850 JavaThread "ForkJoinPool-1-worker-2" daemon [_thread_blocked, id=10132, stack(0x0000000036900000,0x0000000036a00000)]
  0x000000002e7f3940 JavaThread "ForkJoinPool-1-worker-3" daemon [_thread_blocked, id=16432, stack(0x0000000039410000,0x0000000039510000)]
  0x0000000038baf6c0 JavaThread "ForkJoinPool-1-worker-4" daemon [_thread_blocked, id=13808, stack(0x000000003a900000,0x000000003aa00000)]
  0x00000000388c1500 JavaThread "ForkJoinPool-1-worker-5" daemon [_thread_blocked, id=16552, stack(0x0000000042140000,0x0000000042240000)]
  0x00000000388be010 JavaThread "ForkJoinPool-1-worker-6" daemon [_thread_blocked, id=4132, stack(0x0000000042240000,0x0000000042340000)]
  0x000000002e7f42e0 JavaThread "ForkJoinPool-1-worker-7" daemon [_thread_blocked, id=24032, stack(0x0000000042340000,0x0000000042440000)]
  0x00000000385e8290 JavaThread "ForkJoinPool-1-worker-8" daemon [_thread_blocked, id=23144, stack(0x0000000042440000,0x0000000042540000)]
  0x0000000038bad9e0 JavaThread "ForkJoinPool-1-worker-9" daemon [_thread_blocked, id=12400, stack(0x0000000042540000,0x0000000042640000)]
  0x0000000027f12960 JavaThread "ForkJoinPool-1-worker-10" daemon [_thread_blocked, id=18128, stack(0x0000000042640000,0x0000000042740000)]
  0x0000000024f473d0 JavaThread "ForkJoinPool-1-worker-11" daemon [_thread_blocked, id=14856, stack(0x0000000042740000,0x0000000042840000)]
  0x000000002e7f47b0 JavaThread "ForkJoinPool-1-worker-12" daemon [_thread_blocked, id=22208, stack(0x0000000042840000,0x0000000042940000)]
  0x000000002d900690 JavaThread "C2 CompilerThread1" daemon [_thread_in_native, id=10116, stack(0x0000000042a40000,0x0000000042b40000)]

Other Threads:
=>0x0000000021475630 VMThread "VM Thread" [stack: 0x0000000022000000,0x0000000022100000] [id=12448]
  0x0000000002c88ee0 WatcherThread [stack: 0x0000000023110000,0x0000000023210000] [id=21820]
  0x0000000002c5caf0 GCTaskThread "GC Thread#0" [stack: 0x000000001e560000,0x000000001e660000] [id=10504]
  0x000000002344c4e0 GCTaskThread "GC Thread#1" [stack: 0x00000000249e0000,0x0000000024ae0000] [id=15368]
  0x0000000023cfb790 GCTaskThread "GC Thread#2" [stack: 0x0000000024ae0000,0x0000000024be0000] [id=15376]
  0x0000000023a00970 GCTaskThread "GC Thread#3" [stack: 0x0000000024be0000,0x0000000024ce0000] [id=5816]
  0x0000000023d66e80 GCTaskThread "GC Thread#4" [stack: 0x0000000024ce0000,0x0000000024de0000] [id=4964]
  0x00000000243eb4d0 GCTaskThread "GC Thread#5" [stack: 0x00000000262f0000,0x00000000263f0000] [id=16964]
  0x0000000022bfd810 GCTaskThread "GC Thread#6" [stack: 0x00000000263f0000,0x00000000264f0000] [id=20192]
  0x0000000023d9ed70 GCTaskThread "GC Thread#7" [stack: 0x00000000264f0000,0x00000000265f0000] [id=18772]
  0x0000000027c52a30 GCTaskThread "GC Thread#8" [stack: 0x0000000028a30000,0x0000000028b30000] [id=18056]
  0x00000000251221c0 GCTaskThread "GC Thread#9" [stack: 0x0000000028d90000,0x0000000028e90000] [id=13136]
  0x0000000002c6d940 ConcurrentGCThread "G1 Main Marker" [stack: 0x000000001e660000,0x000000001e760000] [id=10488]
  0x0000000002c6f6d0 ConcurrentGCThread "G1 Conc#0" [stack: 0x000000001e760000,0x000000001e860000] [id=10496]
  0x0000000028f7dd20 ConcurrentGCThread "G1 Conc#1" [stack: 0x0000000027860000,0x0000000027960000] [id=7308]
  0x0000000028f7cfb0 ConcurrentGCThread "G1 Conc#2" [stack: 0x0000000029ec0000,0x0000000029fc0000] [id=23216]
  0x0000000002cd9880 ConcurrentGCThread "G1 Refine#0" [stack: 0x0000000021510000,0x0000000021610000] [id=10456]
  0x00000000282b1ed0 ConcurrentGCThread "G1 Refine#1" [stack: 0x000000002b1d0000,0x000000002b2d0000] [id=4032]
  0x0000000028fa60e0 ConcurrentGCThread "G1 Refine#2" [stack: 0x000000002b2d0000,0x000000002b3d0000] [id=17244]
  0x000000002cb55cf0 ConcurrentGCThread "G1 Refine#3" [stack: 0x0000000033900000,0x0000000033a00000] [id=11360]
  0x0000000027fad090 ConcurrentGCThread "G1 Refine#4" [stack: 0x0000000041580000,0x0000000041680000] [id=23924]
  0x000000002cb55730 ConcurrentGCThread "G1 Refine#5" [stack: 0x0000000041680000,0x0000000041780000] [id=12708]
  0x000000002d9c3050 ConcurrentGCThread "G1 Refine#6" [stack: 0x0000000041780000,0x0000000041880000] [id=24044]
  0x0000000038801610 ConcurrentGCThread "G1 Refine#7" [stack: 0x000000003a800000,0x000000003a900000] [id=19888]
  0x000000002c7e1c50 ConcurrentGCThread "G1 Refine#8" [stack: 0x0000000042940000,0x0000000042a40000] [id=18196]
  0x0000000002cd9b60 ConcurrentGCThread "G1 Service" [stack: 0x0000000021610000,0x0000000021710000] [id=10468]

Threads with active compile tasks:
C2 CompilerThread0  5571728 41252       4       com.android.tools.r8.internal.cn1::iterator (30 bytes)
C2 CompilerThread1  5571728 40832 %     4       com.android.tools.r8.internal.a52::a @ 1059 (3042 bytes)

VM state: at safepoint (normal execution)

VM Mutex/Monitor currently owned by a thread:  ([mutex/lock_event])
[0x00000000006cbbc0] Threads_lock - owner thread: 0x0000000021475630
[0x0000000002c17170] Heap_lock - owner thread: 0x000000002e7f42e0

Heap address: 0x0000000080000000, size: 2048 MB, Compressed Oops mode: 32-bit

CDS archive(s) mapped at: [0x0000000800000000-0x0000000800bc0000-0x0000000800bc0000), size 12320768, SharedBaseAddress: 0x0000000800000000, ArchiveRelocationMode: 0.
Compressed class space mapped at: 0x0000000800c00000-0x000000081a800000, reserved size: 432013312
Narrow klass base: 0x0000000800000000, Narrow klass shift: 0, Narrow klass range: 0x100000000

GC Precious Log:
 CPUs: 12 total, 12 available
 Memory: 5989M
 Large Page Support: Disabled
 NUMA Support: Disabled
 Compressed Oops: Enabled (32-bit)
 Heap Region Size: 1M
 Heap Min Capacity: 8M
 Heap Initial Capacity: 94M
 Heap Max Capacity: 2G
 Pre-touch: Disabled
 Parallel Workers: 10
 Concurrent Workers: 3
 Concurrent Refinement Workers: 10
 Periodic GC: Disabled

Heap:
 garbage-first heap   total 494592K, used 387229K [0x0000000080000000, 0x0000000100000000)
  region size 1024K, 2 young (2048K), 2 survivors (2048K)
 Metaspace       used 179728K, committed 182208K, reserved 585728K
  class space    used 24728K, committed 25920K, reserved 421888K

Heap Regions: E=young(eden), S=young(survivor), O=old, HS=humongous(starts), HC=humongous(continues), CS=collection set, F=free, OA=open archive, CA=closed archive, TAMS=top-at-mark-start (previous, next)
|   0|0x0000000080000000, 0x0000000080100000, 0x0000000080100000|100%|HS|  |TAMS 0x0000000080100000, 0x0000000080000000| Untracked 
|   1|0x0000000080100000, 0x0000000080200000, 0x0000000080200000|100%|HC|  |TAMS 0x0000000080200000, 0x0000000080100000| Untracked 
|   2|0x0000000080200000, 0x0000000080300000, 0x0000000080300000|100%|HC|  |TAMS 0x0000000080300000, 0x0000000080200000| Untracked 
|   3|0x0000000080300000, 0x0000000080400000, 0x0000000080400000|100%|HC|  |TAMS 0x0000000080400000, 0x0000000080300000| Untracked 
|   4|0x0000000080400000, 0x0000000080500000, 0x0000000080500000|100%| O|  |TAMS 0x0000000080500000, 0x0000000080400000| Untracked 
|   5|0x0000000080500000, 0x00000000805f1ca8, 0x0000000080600000| 94%| O|  |TAMS 0x0000000080500000, 0x0000000080500000| Untracked 
|   6|0x0000000080600000, 0x0000000080700000, 0x0000000080700000|100%| O|  |TAMS 0x0000000080700000, 0x0000000080600000| Untracked 
|   7|0x0000000080700000, 0x00000000807fffe0, 0x0000000080800000| 99%| O|  |TAMS 0x0000000080700000, 0x0000000080700000| Untracked 
|   8|0x0000000080800000, 0x0000000080900000, 0x0000000080900000|100%| O|  |TAMS 0x0000000080900000, 0x0000000080800000| Untracked 
|   9|0x0000000080900000, 0x0000000080a00000, 0x0000000080a00000|100%| O|  |TAMS 0x0000000080a00000, 0x0000000080900000| Untracked 
|  10|0x0000000080a00000, 0x0000000080afffa0, 0x0000000080b00000| 99%| O|  |TAMS 0x0000000080a00000, 0x0000000080a00000| Untracked 
|  11|0x0000000080b00000, 0x0000000080c00000, 0x0000000080c00000|100%|HS|  |TAMS 0x0000000080c00000, 0x0000000080b00000| Untracked 
|  12|0x0000000080c00000, 0x0000000080d00000, 0x0000000080d00000|100%| O|  |TAMS 0x0000000080d00000, 0x0000000080c00000| Untracked 
|  13|0x0000000080d00000, 0x0000000080dfffe0, 0x0000000080e00000| 99%| O|  |TAMS 0x0000000080d00000, 0x0000000080d00000| Untracked 
|  14|0x0000000080e00000, 0x0000000080efffe8, 0x0000000080f00000| 99%| O|  |TAMS 0x0000000080e00000, 0x0000000080e00000| Untracked 
|  15|0x0000000080f00000, 0x0000000081000000, 0x0000000081000000|100%| O|  |TAMS 0x0000000080f00000, 0x0000000080f00000| Untracked 
|  16|0x0000000081000000, 0x00000000810fff98, 0x0000000081100000| 99%| O|  |TAMS 0x0000000081000000, 0x0000000081000000| Untracked 
|  17|0x0000000081100000, 0x00000000811fffe8, 0x0000000081200000| 99%| O|  |TAMS 0x0000000081100000, 0x0000000081100000| Untracked 
|  18|0x0000000081200000, 0x0000000081300000, 0x0000000081300000|100%| O|  |TAMS 0x0000000081200000, 0x0000000081200000| Untracked 
|  19|0x0000000081300000, 0x0000000081400000, 0x0000000081400000|100%| O|  |TAMS 0x0000000081300000, 0x0000000081300000| Untracked 
|  20|0x0000000081400000, 0x00000000814fff88, 0x0000000081500000| 99%| O|  |TAMS 0x0000000081400000, 0x0000000081400000| Untracked 
|  21|0x0000000081500000, 0x00000000815ffff8, 0x0000000081600000| 99%| O|  |TAMS 0x0000000081500000, 0x0000000081500000| Untracked 
|  22|0x0000000081600000, 0x0000000081700000, 0x0000000081700000|100%| O|  |TAMS 0x0000000081600000, 0x0000000081600000| Untracked 
|  23|0x0000000081700000, 0x00000000817ffff0, 0x0000000081800000| 99%| O|  |TAMS 0x0000000081700000, 0x0000000081700000| Untracked 
|  24|0x0000000081800000, 0x0000000081900000, 0x0000000081900000|100%| O|  |TAMS 0x0000000081800000, 0x0000000081800000| Untracked 
|  25|0x0000000081900000, 0x00000000819ffff8, 0x0000000081a00000| 99%| O|  |TAMS 0x0000000081900000, 0x0000000081900000| Untracked 
|  26|0x0000000081a00000, 0x0000000081affff0, 0x0000000081b00000| 99%| O|  |TAMS 0x0000000081a00000, 0x0000000081a00000| Untracked 
|  27|0x0000000081b00000, 0x0000000081bfffe8, 0x0000000081c00000| 99%| O|  |TAMS 0x0000000081b00000, 0x0000000081b00000| Untracked 
|  28|0x0000000081c00000, 0x0000000081cfcee8, 0x0000000081d00000| 98%| O|  |TAMS 0x0000000081c00000, 0x0000000081c00000| Untracked 
|  29|0x0000000081d00000, 0x0000000081dffff0, 0x0000000081e00000| 99%| O|  |TAMS 0x0000000081d00000, 0x0000000081d00000| Untracked 
|  30|0x0000000081e00000, 0x0000000081effff0, 0x0000000081f00000| 99%| O|  |TAMS 0x0000000081e00000, 0x0000000081e00000| Untracked 
|  31|0x0000000081f00000, 0x0000000081ffffc8, 0x0000000082000000| 99%| O|  |TAMS 0x0000000081f00000, 0x0000000081f00000| Untracked 
|  32|0x0000000082000000, 0x00000000820fffe0, 0x0000000082100000| 99%| O|  |TAMS 0x0000000082000000, 0x0000000082000000| Untracked 
|  33|0x0000000082100000, 0x0000000082200000, 0x0000000082200000|100%| O|  |TAMS 0x0000000082100000, 0x0000000082100000| Untracked 
|  34|0x0000000082200000, 0x00000000822e9008, 0x0000000082300000| 91%| O|  |TAMS 0x0000000082200000, 0x0000000082200000| Untracked 
|  35|0x0000000082300000, 0x00000000823fffd0, 0x0000000082400000| 99%| O|  |TAMS 0x0000000082300000, 0x0000000082300000| Untracked 
|  36|0x0000000082400000, 0x00000000824fffe8, 0x0000000082500000| 99%| O|  |TAMS 0x0000000082400000, 0x0000000082400000| Untracked 
|  37|0x0000000082500000, 0x00000000825eddb8, 0x0000000082600000| 92%| O|  |TAMS 0x0000000082500000, 0x0000000082500000| Untracked 
|  38|0x0000000082600000, 0x00000000826fffd8, 0x0000000082700000| 99%| O|  |TAMS 0x0000000082600000, 0x0000000082600000| Untracked 
|  39|0x0000000082700000, 0x00000000827fff70, 0x0000000082800000| 99%| O|  |TAMS 0x0000000082700000, 0x0000000082700000| Untracked 
|  40|0x0000000082800000, 0x00000000828e5a20, 0x0000000082900000| 89%| O|  |TAMS 0x0000000082800000, 0x0000000082800000| Untracked 
|  41|0x0000000082900000, 0x00000000829fae30, 0x0000000082a00000| 98%| O|  |TAMS 0x0000000082900000, 0x0000000082900000| Untracked 
|  42|0x0000000082a00000, 0x0000000082afd2a0, 0x0000000082b00000| 98%| O|  |TAMS 0x0000000082a00000, 0x0000000082a00000| Untracked 
|  43|0x0000000082b00000, 0x0000000082bffff8, 0x0000000082c00000| 99%| O|  |TAMS 0x0000000082b00000, 0x0000000082b00000| Untracked 
|  44|0x0000000082c00000, 0x0000000082d00000, 0x0000000082d00000|100%| O|  |TAMS 0x0000000082c00000, 0x0000000082c00000| Untracked 
|  45|0x0000000082d00000, 0x0000000082e00000, 0x0000000082e00000|100%|HS|  |TAMS 0x0000000082e00000, 0x0000000082d00000| Untracked 
|  46|0x0000000082e00000, 0x0000000082f00000, 0x0000000082f00000|100%|HC|  |TAMS 0x0000000082f00000, 0x0000000082e00000| Untracked 
|  47|0x0000000082f00000, 0x0000000083000000, 0x0000000083000000|100%|HS|  |TAMS 0x0000000083000000, 0x0000000082f00000| Untracked 
|  48|0x0000000083000000, 0x0000000083100000, 0x0000000083100000|100%|HC|  |TAMS 0x0000000083100000, 0x0000000083000000| Untracked 
|  49|0x0000000083100000, 0x00000000831fffc0, 0x0000000083200000| 99%| O|  |TAMS 0x0000000083100000, 0x0000000083100000| Untracked 
|  50|0x0000000083200000, 0x0000000083300000, 0x0000000083300000|100%| O|  |TAMS 0x0000000083200000, 0x0000000083200000| Untracked 
|  51|0x0000000083300000, 0x00000000833ffff8, 0x0000000083400000| 99%| O|  |TAMS 0x0000000083300000, 0x0000000083300000| Untracked 
|  52|0x0000000083400000, 0x00000000834fffd0, 0x0000000083500000| 99%| O|  |TAMS 0x0000000083400000, 0x0000000083400000| Untracked 
|  53|0x0000000083500000, 0x00000000835ea618, 0x0000000083600000| 91%| O|  |TAMS 0x0000000083500000, 0x0000000083500000| Untracked 
|  54|0x0000000083600000, 0x00000000836ed908, 0x0000000083700000| 92%| O|  |TAMS 0x0000000083600000, 0x0000000083600000| Untracked 
|  55|0x0000000083700000, 0x00000000837fffb8, 0x0000000083800000| 99%| O|  |TAMS 0x0000000083700000, 0x0000000083700000| Untracked 
|  56|0x0000000083800000, 0x0000000083900000, 0x0000000083900000|100%| O|  |TAMS 0x0000000083800000, 0x0000000083800000| Untracked 
|  57|0x0000000083900000, 0x00000000839ffff8, 0x0000000083a00000| 99%| O|  |TAMS 0x0000000083900000, 0x0000000083900000| Untracked 
|  58|0x0000000083a00000, 0x0000000083afffe8, 0x0000000083b00000| 99%| O|  |TAMS 0x0000000083a00000, 0x0000000083a00000| Untracked 
|  59|0x0000000083b00000, 0x0000000083bfffe8, 0x0000000083c00000| 99%| O|  |TAMS 0x0000000083b00000, 0x0000000083b00000| Untracked 
|  60|0x0000000083c00000, 0x0000000083d00000, 0x0000000083d00000|100%| O|  |TAMS 0x0000000083c00000, 0x0000000083c00000| Untracked 
|  61|0x0000000083d00000, 0x0000000083dfffe8, 0x0000000083e00000| 99%| O|  |TAMS 0x0000000083d00000, 0x0000000083d00000| Untracked 
|  62|0x0000000083e00000, 0x0000000083efffe0, 0x0000000083f00000| 99%| O|  |TAMS 0x0000000083e00000, 0x0000000083e00000| Untracked 
|  63|0x0000000083f00000, 0x0000000083ffffe8, 0x0000000084000000| 99%| O|  |TAMS 0x0000000083f00000, 0x0000000083f00000| Untracked 
|  64|0x0000000084000000, 0x00000000840f1028, 0x0000000084100000| 94%| O|  |TAMS 0x0000000084000000, 0x0000000084000000| Untracked 
|  65|0x0000000084100000, 0x00000000841ffff8, 0x0000000084200000| 99%| O|  |TAMS 0x0000000084100000, 0x0000000084100000| Untracked 
|  66|0x0000000084200000, 0x00000000842fffe8, 0x0000000084300000| 99%| O|  |TAMS 0x0000000084200000, 0x0000000084200000| Untracked 
|  67|0x0000000084300000, 0x00000000843ffff0, 0x0000000084400000| 99%| O|  |TAMS 0x0000000084300000, 0x0000000084300000| Untracked 
|  68|0x0000000084400000, 0x00000000844f81a0, 0x0000000084500000| 96%| O|  |TAMS 0x0000000084400000, 0x0000000084400000| Untracked 
|  69|0x0000000084500000, 0x00000000845fe358, 0x0000000084600000| 99%| O|  |TAMS 0x0000000084500000, 0x0000000084500000| Untracked 
|  70|0x0000000084600000, 0x00000000846fffe8, 0x0000000084700000| 99%| O|  |TAMS 0x0000000084600000, 0x0000000084600000| Untracked 
|  71|0x0000000084700000, 0x00000000847fffd8, 0x0000000084800000| 99%| O|  |TAMS 0x0000000084700000, 0x0000000084700000| Untracked 
|  72|0x0000000084800000, 0x00000000848ec900, 0x0000000084900000| 92%| O|  |TAMS 0x0000000084800000, 0x0000000084800000| Untracked 
|  73|0x0000000084900000, 0x00000000849ab090, 0x0000000084a00000| 66%| O|  |TAMS 0x0000000084900000, 0x0000000084900000| Untracked 
|  74|0x0000000084a00000, 0x0000000084afffd8, 0x0000000084b00000| 99%| O|  |TAMS 0x0000000084a00000, 0x0000000084a00000| Untracked 
|  75|0x0000000084b00000, 0x0000000084c00000, 0x0000000084c00000|100%|HS|  |TAMS 0x0000000084c00000, 0x0000000084b00000| Untracked 
|  76|0x0000000084c00000, 0x0000000084d00000, 0x0000000084d00000|100%|HS|  |TAMS 0x0000000084d00000, 0x0000000084c00000| Untracked 
|  77|0x0000000084d00000, 0x0000000084e00000, 0x0000000084e00000|100%|HC|  |TAMS 0x0000000084e00000, 0x0000000084d00000| Untracked 
|  78|0x0000000084e00000, 0x0000000084f00000, 0x0000000084f00000|100%|HS|  |TAMS 0x0000000084f00000, 0x0000000084e00000| Untracked 
|  79|0x0000000084f00000, 0x0000000085000000, 0x0000000085000000|100%|HS|  |TAMS 0x0000000085000000, 0x0000000084f00000| Untracked 
|  80|0x0000000085000000, 0x0000000085100000, 0x0000000085100000|100%|HS|  |TAMS 0x0000000085100000, 0x0000000085000000| Untracked 
|  81|0x0000000085100000, 0x0000000085200000, 0x0000000085200000|100%| O|  |TAMS 0x0000000085100000, 0x0000000085100000| Untracked 
|  82|0x0000000085200000, 0x0000000085300000, 0x0000000085300000|100%|HS|  |TAMS 0x0000000085300000, 0x0000000085200000| Untracked 
|  83|0x0000000085300000, 0x0000000085400000, 0x0000000085400000|100%|HS|  |TAMS 0x0000000085400000, 0x0000000085300000| Untracked 
|  84|0x0000000085400000, 0x00000000854fffb0, 0x0000000085500000| 99%| O|  |TAMS 0x0000000085400000, 0x0000000085400000| Untracked 
|  85|0x0000000085500000, 0x00000000855fffa0, 0x0000000085600000| 99%| O|  |TAMS 0x0000000085500000, 0x0000000085500000| Untracked 
|  86|0x0000000085600000, 0x0000000085700000, 0x0000000085700000|100%| O|  |TAMS 0x0000000085600000, 0x0000000085600000| Untracked 
|  87|0x0000000085700000, 0x00000000857ffff8, 0x0000000085800000| 99%| O|  |TAMS 0x0000000085700000, 0x0000000085700000| Untracked 
|  88|0x0000000085800000, 0x00000000858fffe0, 0x0000000085900000| 99%| O|  |TAMS 0x0000000085800000, 0x0000000085800000| Untracked 
|  89|0x0000000085900000, 0x00000000859ff128, 0x0000000085a00000| 99%| O|  |TAMS 0x0000000085900000, 0x0000000085900000| Untracked 
|  90|0x0000000085a00000, 0x0000000085aec130, 0x0000000085b00000| 92%| O|  |TAMS 0x0000000085a00000, 0x0000000085a00000| Untracked 
|  91|0x0000000085b00000, 0x0000000085bffff8, 0x0000000085c00000| 99%| O|  |TAMS 0x0000000085b00000, 0x0000000085b00000| Untracked 
|  92|0x0000000085c00000, 0x0000000085cffff8, 0x0000000085d00000| 99%| O|  |TAMS 0x0000000085c00000, 0x0000000085c00000| Untracked 
|  93|0x0000000085d00000, 0x0000000085dffff8, 0x0000000085e00000| 99%| O|  |TAMS 0x0000000085d00000, 0x0000000085d00000| Untracked 
|  94|0x0000000085e00000, 0x0000000085efffd0, 0x0000000085f00000| 99%| O|  |TAMS 0x0000000085e00000, 0x0000000085e00000| Untracked 
|  95|0x0000000085f00000, 0x0000000085fffff8, 0x0000000086000000| 99%| O|  |TAMS 0x0000000085f00000, 0x0000000085f00000| Untracked 
|  96|0x0000000086000000, 0x00000000860fffd0, 0x0000000086100000| 99%| O|  |TAMS 0x0000000086000000, 0x0000000086000000| Untracked 
|  97|0x0000000086100000, 0x0000000086200000, 0x0000000086200000|100%| O|  |TAMS 0x0000000086100000, 0x0000000086100000| Untracked 
|  98|0x0000000086200000, 0x0000000086300000, 0x0000000086300000|100%|HS|  |TAMS 0x0000000086300000, 0x0000000086200000| Untracked 
|  99|0x0000000086300000, 0x0000000086400000, 0x0000000086400000|100%| O|  |TAMS 0x0000000086300000, 0x0000000086300000| Untracked 
| 100|0x0000000086400000, 0x00000000864ffff8, 0x0000000086500000| 99%| O|  |TAMS 0x0000000086400000, 0x0000000086400000| Untracked 
| 101|0x0000000086500000, 0x0000000086600000, 0x0000000086600000|100%|HS|  |TAMS 0x0000000086600000, 0x0000000086500000| Untracked 
| 102|0x0000000086600000, 0x0000000086700000, 0x0000000086700000|100%|HC|  |TAMS 0x0000000086700000, 0x0000000086600000| Untracked 
| 103|0x0000000086700000, 0x00000000867cd830, 0x0000000086800000| 80%| O|  |TAMS 0x0000000086700000, 0x0000000086700000| Untracked 
| 104|0x0000000086800000, 0x00000000868fffc0, 0x0000000086900000| 99%| O|  |TAMS 0x0000000086800000, 0x0000000086800000| Untracked 
| 105|0x0000000086900000, 0x00000000869ffff8, 0x0000000086a00000| 99%| O|  |TAMS 0x0000000086900000, 0x0000000086900000| Untracked 
| 106|0x0000000086a00000, 0x0000000086affcb0, 0x0000000086b00000| 99%| O|  |TAMS 0x0000000086a00000, 0x0000000086a00000| Untracked 
| 107|0x0000000086b00000, 0x0000000086bfffe8, 0x0000000086c00000| 99%| O|  |TAMS 0x0000000086b00000, 0x0000000086b00000| Untracked 
| 108|0x0000000086c00000, 0x0000000086cfffb8, 0x0000000086d00000| 99%| O|  |TAMS 0x0000000086c00000, 0x0000000086c00000| Untracked 
| 109|0x0000000086d00000, 0x0000000086dfffb8, 0x0000000086e00000| 99%| O|  |TAMS 0x0000000086d00000, 0x0000000086d00000| Untracked 
| 110|0x0000000086e00000, 0x0000000086effff8, 0x0000000086f00000| 99%| O|  |TAMS 0x0000000086e00000, 0x0000000086e00000| Untracked 
| 111|0x0000000086f00000, 0x0000000086fec268, 0x0000000087000000| 92%| O|  |TAMS 0x0000000086f00000, 0x0000000086f00000| Untracked 
| 112|0x0000000087000000, 0x0000000087100000, 0x0000000087100000|100%| O|  |TAMS 0x0000000087000000, 0x0000000087000000| Untracked 
| 113|0x0000000087100000, 0x00000000871ff698, 0x0000000087200000| 99%| O|  |TAMS 0x0000000087100000, 0x0000000087100000| Untracked 
| 114|0x0000000087200000, 0x0000000087300000, 0x0000000087300000|100%| O|  |TAMS 0x0000000087200000, 0x0000000087200000| Untracked 
| 115|0x0000000087300000, 0x0000000087400000, 0x0000000087400000|100%| O|  |TAMS 0x0000000087300000, 0x0000000087300000| Untracked 
| 116|0x0000000087400000, 0x00000000874fff70, 0x0000000087500000| 99%| O|  |TAMS 0x0000000087400000, 0x0000000087400000| Untracked 
| 117|0x0000000087500000, 0x00000000875fffd8, 0x0000000087600000| 99%| O|  |TAMS 0x0000000087500000, 0x0000000087500000| Untracked 
| 118|0x0000000087600000, 0x00000000876ffff8, 0x0000000087700000| 99%| O|  |TAMS 0x0000000087600000, 0x0000000087600000| Untracked 
| 119|0x0000000087700000, 0x00000000877fffe8, 0x0000000087800000| 99%| O|  |TAMS 0x0000000087700000, 0x0000000087700000| Untracked 
| 120|0x0000000087800000, 0x00000000878ff918, 0x0000000087900000| 99%| O|  |TAMS 0x0000000087800000, 0x0000000087800000| Untracked 
| 121|0x0000000087900000, 0x0000000087a00000, 0x0000000087a00000|100%| O|  |TAMS 0x0000000087900000, 0x0000000087900000| Untracked 
| 122|0x0000000087a00000, 0x0000000087adb858, 0x0000000087b00000| 85%| O|  |TAMS 0x0000000087a00000, 0x0000000087a00000| Untracked 
| 123|0x0000000087b00000, 0x0000000087c00000, 0x0000000087c00000|100%| O|  |TAMS 0x0000000087b00000, 0x0000000087b00000| Untracked 
| 124|0x0000000087c00000, 0x0000000087cffff0, 0x0000000087d00000| 99%| O|  |TAMS 0x0000000087c00000, 0x0000000087c00000| Untracked 
| 125|0x0000000087d00000, 0x0000000087dffff8, 0x0000000087e00000| 99%| O|  |TAMS 0x0000000087d00000, 0x0000000087d00000| Untracked 
| 126|0x0000000087e00000, 0x0000000087f00000, 0x0000000087f00000|100%| O|  |TAMS 0x0000000087e00000, 0x0000000087e00000| Untracked 
| 127|0x0000000087f00000, 0x0000000087ffffe0, 0x0000000088000000| 99%| O|  |TAMS 0x0000000087f00000, 0x0000000087f00000| Untracked 
| 128|0x0000000088000000, 0x0000000088100000, 0x0000000088100000|100%| O|  |TAMS 0x0000000088000000, 0x0000000088000000| Untracked 
| 129|0x0000000088100000, 0x0000000088200000, 0x0000000088200000|100%| O|  |TAMS 0x0000000088100000, 0x0000000088100000| Untracked 
| 130|0x0000000088200000, 0x00000000882ffff8, 0x0000000088300000| 99%| O|  |TAMS 0x0000000088200000, 0x0000000088200000| Untracked 
| 131|0x0000000088300000, 0x00000000883f6040, 0x0000000088400000| 96%| O|  |TAMS 0x0000000088300000, 0x0000000088300000| Untracked 
| 132|0x0000000088400000, 0x0000000088500000, 0x0000000088500000|100%| O|  |TAMS 0x0000000088400000, 0x0000000088400000| Untracked 
| 133|0x0000000088500000, 0x0000000088600000, 0x0000000088600000|100%| O|  |TAMS 0x0000000088500000, 0x0000000088500000| Untracked 
| 134|0x0000000088600000, 0x000000008868d628, 0x0000000088700000| 55%| O|  |TAMS 0x0000000088600000, 0x0000000088600000| Untracked 
| 135|0x0000000088700000, 0x00000000887ffff8, 0x0000000088800000| 99%| O|  |TAMS 0x0000000088700000, 0x0000000088700000| Untracked 
| 136|0x0000000088800000, 0x0000000088900000, 0x0000000088900000|100%| O|  |TAMS 0x0000000088800000, 0x0000000088800000| Untracked 
| 137|0x0000000088900000, 0x0000000088a00000, 0x0000000088a00000|100%| O|  |TAMS 0x0000000088900000, 0x0000000088900000| Untracked 
| 138|0x0000000088a00000, 0x0000000088b00000, 0x0000000088b00000|100%| O|  |TAMS 0x0000000088a00000, 0x0000000088a00000| Untracked 
| 139|0x0000000088b00000, 0x0000000088c00000, 0x0000000088c00000|100%| O|  |TAMS 0x0000000088b00000, 0x0000000088b00000| Untracked 
| 140|0x0000000088c00000, 0x0000000088d00000, 0x0000000088d00000|100%| O|  |TAMS 0x0000000088c00000, 0x0000000088c00000| Untracked 
| 141|0x0000000088d00000, 0x0000000088dfffb0, 0x0000000088e00000| 99%| O|  |TAMS 0x0000000088d00000, 0x0000000088d00000| Untracked 
| 142|0x0000000088e00000, 0x0000000088eb8f50, 0x0000000088f00000| 72%| O|  |TAMS 0x0000000088e00000, 0x0000000088e00000| Untracked 
| 143|0x0000000088f00000, 0x0000000089000000, 0x0000000089000000|100%| O|  |TAMS 0x0000000088f00000, 0x0000000088f00000| Untracked 
| 144|0x0000000089000000, 0x00000000890fffd0, 0x0000000089100000| 99%| O|  |TAMS 0x0000000089000000, 0x0000000089000000| Untracked 
| 145|0x0000000089100000, 0x0000000089200000, 0x0000000089200000|100%| O|  |TAMS 0x0000000089100000, 0x0000000089100000| Untracked 
| 146|0x0000000089200000, 0x0000000089300000, 0x0000000089300000|100%| O|  |TAMS 0x0000000089200000, 0x0000000089200000| Untracked 
| 147|0x0000000089300000, 0x0000000089400000, 0x0000000089400000|100%| O|  |TAMS 0x0000000089300000, 0x0000000089300000| Untracked 
| 148|0x0000000089400000, 0x0000000089500000, 0x0000000089500000|100%| O|  |TAMS 0x0000000089400000, 0x0000000089400000| Untracked 
| 149|0x0000000089500000, 0x0000000089600000, 0x0000000089600000|100%| O|  |TAMS 0x0000000089500000, 0x0000000089500000| Untracked 
| 150|0x0000000089600000, 0x0000000089675840, 0x0000000089700000| 45%| O|  |TAMS 0x0000000089600000, 0x0000000089600000| Untracked 
| 151|0x0000000089700000, 0x0000000089800000, 0x0000000089800000|100%| O|  |TAMS 0x0000000089700000, 0x0000000089700000| Untracked 
| 152|0x0000000089800000, 0x0000000089900000, 0x0000000089900000|100%| O|  |TAMS 0x0000000089800000, 0x0000000089800000| Untracked 
| 153|0x0000000089900000, 0x0000000089a00000, 0x0000000089a00000|100%| O|  |TAMS 0x0000000089900000, 0x0000000089900000| Untracked 
| 154|0x0000000089a00000, 0x0000000089b00000, 0x0000000089b00000|100%| O|  |TAMS 0x0000000089a00000, 0x0000000089a00000| Untracked 
| 155|0x0000000089b00000, 0x0000000089c00000, 0x0000000089c00000|100%| O|  |TAMS 0x0000000089b00000, 0x0000000089b00000| Untracked 
| 156|0x0000000089c00000, 0x0000000089c1dfd8, 0x0000000089d00000| 11%| O|  |TAMS 0x0000000089c00000, 0x0000000089c00000| Untracked 
| 157|0x0000000089d00000, 0x0000000089e00000, 0x0000000089e00000|100%| O|  |TAMS 0x0000000089d00000, 0x0000000089d00000| Untracked 
| 158|0x0000000089e00000, 0x0000000089f00000, 0x0000000089f00000|100%| O|  |TAMS 0x0000000089e00000, 0x0000000089e00000| Untracked 
| 159|0x0000000089f00000, 0x000000008a000000, 0x000000008a000000|100%| O|  |TAMS 0x0000000089f00000, 0x0000000089f00000| Untracked 
| 160|0x000000008a000000, 0x000000008a100000, 0x000000008a100000|100%| O|  |TAMS 0x000000008a000000, 0x000000008a000000| Untracked 
| 161|0x000000008a100000, 0x000000008a200000, 0x000000008a200000|100%|HS|  |TAMS 0x000000008a200000, 0x000000008a100000| Untracked 
| 162|0x000000008a200000, 0x000000008a300000, 0x000000008a300000|100%|HS|  |TAMS 0x000000008a300000, 0x000000008a200000| Untracked 
| 163|0x000000008a300000, 0x000000008a400000, 0x000000008a400000|100%|HS|  |TAMS 0x000000008a400000, 0x000000008a300000| Untracked 
| 164|0x000000008a400000, 0x000000008a500000, 0x000000008a500000|100%|HC|  |TAMS 0x000000008a500000, 0x000000008a400000| Untracked 
| 165|0x000000008a500000, 0x000000008a600000, 0x000000008a600000|100%| O|  |TAMS 0x000000008a500000, 0x000000008a500000| Untracked 
| 166|0x000000008a600000, 0x000000008a700000, 0x000000008a700000|100%| O|  |TAMS 0x000000008a600000, 0x000000008a600000| Untracked 
| 167|0x000000008a700000, 0x000000008a800000, 0x000000008a800000|100%| O|  |TAMS 0x000000008a700000, 0x000000008a700000| Untracked 
| 168|0x000000008a800000, 0x000000008a900000, 0x000000008a900000|100%| O|  |TAMS 0x000000008a800000, 0x000000008a800000| Untracked 
| 169|0x000000008a900000, 0x000000008aa00000, 0x000000008aa00000|100%| O|  |TAMS 0x000000008a900000, 0x000000008a900000| Untracked 
| 170|0x000000008aa00000, 0x000000008ab00000, 0x000000008ab00000|100%| O|  |TAMS 0x000000008aa00000, 0x000000008aa00000| Untracked 
| 171|0x000000008ab00000, 0x000000008ac00000, 0x000000008ac00000|100%| O|  |TAMS 0x000000008ab00000, 0x000000008ab00000| Untracked 
| 172|0x000000008ac00000, 0x000000008ad00000, 0x000000008ad00000|100%| O|  |TAMS 0x000000008ac00000, 0x000000008ac00000| Untracked 
| 173|0x000000008ad00000, 0x000000008ae00000, 0x000000008ae00000|100%| O|  |TAMS 0x000000008ad00000, 0x000000008ad00000| Untracked 
| 174|0x000000008ae00000, 0x000000008af00000, 0x000000008af00000|100%| O|  |TAMS 0x000000008ae00000, 0x000000008ae00000| Untracked 
| 175|0x000000008af00000, 0x000000008b000000, 0x000000008b000000|100%| O|  |TAMS 0x000000008af00000, 0x000000008af00000| Untracked 
| 176|0x000000008b000000, 0x000000008b100000, 0x000000008b100000|100%| O|  |TAMS 0x000000008b100000, 0x000000008b000000| Untracked 
| 177|0x000000008b100000, 0x000000008b200000, 0x000000008b200000|100%| O|  |TAMS 0x000000008b100000, 0x000000008b100000| Untracked 
| 178|0x000000008b200000, 0x000000008b300000, 0x000000008b300000|100%| O|  |TAMS 0x000000008b200000, 0x000000008b200000| Untracked 
| 179|0x000000008b300000, 0x000000008b400000, 0x000000008b400000|100%| O|  |TAMS 0x000000008b300000, 0x000000008b300000| Untracked 
| 180|0x000000008b400000, 0x000000008b500000, 0x000000008b500000|100%| O|  |TAMS 0x000000008b400000, 0x000000008b400000| Untracked 
| 181|0x000000008b500000, 0x000000008b600000, 0x000000008b600000|100%| O|  |TAMS 0x000000008b500000, 0x000000008b500000| Untracked 
| 182|0x000000008b600000, 0x000000008b700000, 0x000000008b700000|100%| O|  |TAMS 0x000000008b600000, 0x000000008b600000| Untracked 
| 183|0x000000008b700000, 0x000000008b800000, 0x000000008b800000|100%| O|  |TAMS 0x000000008b700000, 0x000000008b700000| Untracked 
| 184|0x000000008b800000, 0x000000008b900000, 0x000000008b900000|100%| O|  |TAMS 0x000000008b800000, 0x000000008b800000| Untracked 
| 185|0x000000008b900000, 0x000000008ba00000, 0x000000008ba00000|100%| O|  |TAMS 0x000000008b900000, 0x000000008b900000| Untracked 
| 186|0x000000008ba00000, 0x000000008bb00000, 0x000000008bb00000|100%| O|  |TAMS 0x000000008ba00000, 0x000000008ba00000| Untracked 
| 187|0x000000008bb00000, 0x000000008bc00000, 0x000000008bc00000|100%| O|  |TAMS 0x000000008bb00000, 0x000000008bb00000| Untracked 
| 188|0x000000008bc00000, 0x000000008bd00000, 0x000000008bd00000|100%| O|  |TAMS 0x000000008bc00000, 0x000000008bc00000| Untracked 
| 189|0x000000008bd00000, 0x000000008be00000, 0x000000008be00000|100%| O|  |TAMS 0x000000008bd00000, 0x000000008bd00000| Untracked 
| 190|0x000000008be00000, 0x000000008bf00000, 0x000000008bf00000|100%| O|  |TAMS 0x000000008be00000, 0x000000008be00000| Untracked 
| 191|0x000000008bf00000, 0x000000008c000000, 0x000000008c000000|100%| O|  |TAMS 0x000000008bf00000, 0x000000008bf00000| Untracked 
| 192|0x000000008c000000, 0x000000008c100000, 0x000000008c100000|100%| O|  |TAMS 0x000000008c000000, 0x000000008c000000| Untracked 
| 193|0x000000008c100000, 0x000000008c200000, 0x000000008c200000|100%| O|  |TAMS 0x000000008c100000, 0x000000008c100000| Untracked 
| 194|0x000000008c200000, 0x000000008c300000, 0x000000008c300000|100%| O|  |TAMS 0x000000008c200000, 0x000000008c200000| Untracked 
| 195|0x000000008c300000, 0x000000008c400000, 0x000000008c400000|100%| O|  |TAMS 0x000000008c300000, 0x000000008c300000| Untracked 
| 196|0x000000008c400000, 0x000000008c500000, 0x000000008c500000|100%| O|  |TAMS 0x000000008c400000, 0x000000008c400000| Untracked 
| 197|0x000000008c500000, 0x000000008c600000, 0x000000008c600000|100%| O|  |TAMS 0x000000008c500000, 0x000000008c500000| Untracked 
| 198|0x000000008c600000, 0x000000008c700000, 0x000000008c700000|100%| O|  |TAMS 0x000000008c600000, 0x000000008c600000| Untracked 
| 199|0x000000008c700000, 0x000000008c800000, 0x000000008c800000|100%| O|  |TAMS 0x000000008c700000, 0x000000008c700000| Untracked 
| 200|0x000000008c800000, 0x000000008c900000, 0x000000008c900000|100%| O|  |TAMS 0x000000008c800000, 0x000000008c800000| Untracked 
| 201|0x000000008c900000, 0x000000008ca00000, 0x000000008ca00000|100%| O|  |TAMS 0x000000008c900000, 0x000000008c900000| Untracked 
| 202|0x000000008ca00000, 0x000000008cb00000, 0x000000008cb00000|100%| O|  |TAMS 0x000000008ca00000, 0x000000008ca00000| Untracked 
| 203|0x000000008cb00000, 0x000000008cc00000, 0x000000008cc00000|100%| O|  |TAMS 0x000000008cb00000, 0x000000008cb00000| Untracked 
| 204|0x000000008cc00000, 0x000000008cd00000, 0x000000008cd00000|100%| O|  |TAMS 0x000000008cc00000, 0x000000008cc00000| Untracked 
| 205|0x000000008cd00000, 0x000000008ce00000, 0x000000008ce00000|100%| O|  |TAMS 0x000000008cd00000, 0x000000008cd00000| Untracked 
| 206|0x000000008ce00000, 0x000000008cf00000, 0x000000008cf00000|100%| O|  |TAMS 0x000000008ce00000, 0x000000008ce00000| Untracked 
| 207|0x000000008cf00000, 0x000000008d000000, 0x000000008d000000|100%| O|  |TAMS 0x000000008cf00000, 0x000000008cf00000| Untracked 
| 208|0x000000008d000000, 0x000000008d100000, 0x000000008d100000|100%| O|  |TAMS 0x000000008d000000, 0x000000008d000000| Untracked 
| 209|0x000000008d100000, 0x000000008d200000, 0x000000008d200000|100%| O|  |TAMS 0x000000008d100000, 0x000000008d100000| Untracked 
| 210|0x000000008d200000, 0x000000008d300000, 0x000000008d300000|100%| O|  |TAMS 0x000000008d200000, 0x000000008d200000| Untracked 
| 211|0x000000008d300000, 0x000000008d400000, 0x000000008d400000|100%| O|  |TAMS 0x000000008d300000, 0x000000008d300000| Untracked 
| 212|0x000000008d400000, 0x000000008d500000, 0x000000008d500000|100%| O|  |TAMS 0x000000008d400000, 0x000000008d400000| Untracked 
| 213|0x000000008d500000, 0x000000008d600000, 0x000000008d600000|100%| O|  |TAMS 0x000000008d500000, 0x000000008d500000| Untracked 
| 214|0x000000008d600000, 0x000000008d700000, 0x000000008d700000|100%|HS|  |TAMS 0x000000008d600000, 0x000000008d600000| Complete 
| 215|0x000000008d700000, 0x000000008d800000, 0x000000008d800000|100%|HC|  |TAMS 0x000000008d700000, 0x000000008d700000| Complete 
| 216|0x000000008d800000, 0x000000008d900000, 0x000000008d900000|100%| O|  |TAMS 0x000000008d800000, 0x000000008d800000| Untracked 
| 217|0x000000008d900000, 0x000000008da00000, 0x000000008da00000|100%| O|  |TAMS 0x000000008d900000, 0x000000008d900000| Untracked 
| 218|0x000000008da00000, 0x000000008db00000, 0x000000008db00000|100%| O|  |TAMS 0x000000008da00000, 0x000000008da00000| Untracked 
| 219|0x000000008db00000, 0x000000008dc00000, 0x000000008dc00000|100%| O|  |TAMS 0x000000008db00000, 0x000000008db00000| Untracked 
| 220|0x000000008dc00000, 0x000000008dd00000, 0x000000008dd00000|100%| O|  |TAMS 0x000000008dc00000, 0x000000008dc00000| Untracked 
| 221|0x000000008dd00000, 0x000000008de00000, 0x000000008de00000|100%| O|  |TAMS 0x000000008dd00000, 0x000000008dd00000| Untracked 
| 222|0x000000008de00000, 0x000000008df00000, 0x000000008df00000|100%| O|  |TAMS 0x000000008de00000, 0x000000008de00000| Untracked 
| 223|0x000000008df00000, 0x000000008e000000, 0x000000008e000000|100%| O|  |TAMS 0x000000008df00000, 0x000000008df00000| Untracked 
| 224|0x000000008e000000, 0x000000008e100000, 0x000000008e100000|100%| O|  |TAMS 0x000000008e000000, 0x000000008e000000| Untracked 
| 225|0x000000008e100000, 0x000000008e200000, 0x000000008e200000|100%| O|  |TAMS 0x000000008e100000, 0x000000008e100000| Untracked 
| 226|0x000000008e200000, 0x000000008e300000, 0x000000008e300000|100%| O|  |TAMS 0x000000008e200000, 0x000000008e200000| Untracked 
| 227|0x000000008e300000, 0x000000008e400000, 0x000000008e400000|100%| O|  |TAMS 0x000000008e300000, 0x000000008e300000| Untracked 
| 228|0x000000008e400000, 0x000000008e500000, 0x000000008e500000|100%| O|  |TAMS 0x000000008e400000, 0x000000008e400000| Untracked 
| 229|0x000000008e500000, 0x000000008e600000, 0x000000008e600000|100%| O|  |TAMS 0x000000008e500000, 0x000000008e500000| Untracked 
| 230|0x000000008e600000, 0x000000008e700000, 0x000000008e700000|100%| O|  |TAMS 0x000000008e600000, 0x000000008e600000| Untracked 
| 231|0x000000008e700000, 0x000000008e800000, 0x000000008e800000|100%| O|  |TAMS 0x000000008e700000, 0x000000008e700000| Untracked 
| 232|0x000000008e800000, 0x000000008e900000, 0x000000008e900000|100%| O|  |TAMS 0x000000008e800000, 0x000000008e800000| Untracked 
| 233|0x000000008e900000, 0x000000008ea00000, 0x000000008ea00000|100%| O|  |TAMS 0x000000008e900000, 0x000000008e900000| Untracked 
| 234|0x000000008ea00000, 0x000000008eb00000, 0x000000008eb00000|100%| O|  |TAMS 0x000000008ea00000, 0x000000008ea00000| Untracked 
| 235|0x000000008eb00000, 0x000000008ec00000, 0x000000008ec00000|100%| O|  |TAMS 0x000000008eb00000, 0x000000008eb00000| Untracked 
| 236|0x000000008ec00000, 0x000000008ed00000, 0x000000008ed00000|100%| O|  |TAMS 0x000000008ec00000, 0x000000008ec00000| Untracked 
| 237|0x000000008ed00000, 0x000000008ee00000, 0x000000008ee00000|100%| O|  |TAMS 0x000000008ed00000, 0x000000008ed00000| Untracked 
| 238|0x000000008ee00000, 0x000000008ef00000, 0x000000008ef00000|100%|HS|  |TAMS 0x000000008ee00000, 0x000000008ee00000| Complete 
| 239|0x000000008ef00000, 0x000000008f000000, 0x000000008f000000|100%|HC|  |TAMS 0x000000008ef00000, 0x000000008ef00000| Complete 
| 240|0x000000008f000000, 0x000000008f100000, 0x000000008f100000|100%| O|  |TAMS 0x000000008f000000, 0x000000008f000000| Untracked 
| 241|0x000000008f100000, 0x000000008f200000, 0x000000008f200000|100%| O|  |TAMS 0x000000008f100000, 0x000000008f100000| Untracked 
| 242|0x000000008f200000, 0x000000008f300000, 0x000000008f300000|100%| O|  |TAMS 0x000000008f200000, 0x000000008f200000| Untracked 
| 243|0x000000008f300000, 0x000000008f400000, 0x000000008f400000|100%| O|  |TAMS 0x000000008f300000, 0x000000008f300000| Untracked 
| 244|0x000000008f400000, 0x000000008f500000, 0x000000008f500000|100%| O|  |TAMS 0x000000008f400000, 0x000000008f400000| Untracked 
| 245|0x000000008f500000, 0x000000008f600000, 0x000000008f600000|100%| O|  |TAMS 0x000000008f500000, 0x000000008f500000| Untracked 
| 246|0x000000008f600000, 0x000000008f700000, 0x000000008f700000|100%| O|  |TAMS 0x000000008f600000, 0x000000008f600000| Untracked 
| 247|0x000000008f700000, 0x000000008f800000, 0x000000008f800000|100%| O|  |TAMS 0x000000008f700000, 0x000000008f700000| Untracked 
| 248|0x000000008f800000, 0x000000008f900000, 0x000000008f900000|100%| O|  |TAMS 0x000000008f800000, 0x000000008f800000| Untracked 
| 249|0x000000008f900000, 0x000000008fa00000, 0x000000008fa00000|100%| O|  |TAMS 0x000000008f900000, 0x000000008f900000| Untracked 
| 250|0x000000008fa00000, 0x000000008fb00000, 0x000000008fb00000|100%| O|  |TAMS 0x000000008fa00000, 0x000000008fa00000| Untracked 
| 251|0x000000008fb00000, 0x000000008fc00000, 0x000000008fc00000|100%| O|  |TAMS 0x000000008fb00000, 0x000000008fb00000| Untracked 
| 252|0x000000008fc00000, 0x000000008fd00000, 0x000000008fd00000|100%| O|  |TAMS 0x000000008fc00000, 0x000000008fc00000| Untracked 
| 253|0x000000008fd00000, 0x000000008fe00000, 0x000000008fe00000|100%| O|  |TAMS 0x000000008fd00000, 0x000000008fd00000| Untracked 
| 254|0x000000008fe00000, 0x000000008ff00000, 0x000000008ff00000|100%| O|  |TAMS 0x000000008fe00000, 0x000000008fe00000| Untracked 
| 255|0x000000008ff00000, 0x0000000090000000, 0x0000000090000000|100%| O|  |TAMS 0x000000008ff00000, 0x000000008ff00000| Untracked 
| 256|0x0000000090000000, 0x0000000090100000, 0x0000000090100000|100%| O|  |TAMS 0x0000000090000000, 0x0000000090000000| Untracked 
| 257|0x0000000090100000, 0x0000000090200000, 0x0000000090200000|100%| O|  |TAMS 0x0000000090100000, 0x0000000090100000| Untracked 
| 258|0x0000000090200000, 0x0000000090300000, 0x0000000090300000|100%| O|  |TAMS 0x0000000090200000, 0x0000000090200000| Untracked 
| 259|0x0000000090300000, 0x0000000090400000, 0x0000000090400000|100%| O|  |TAMS 0x0000000090300000, 0x0000000090300000| Untracked 
| 260|0x0000000090400000, 0x0000000090500000, 0x0000000090500000|100%| O|  |TAMS 0x0000000090400000, 0x0000000090400000| Untracked 
| 261|0x0000000090500000, 0x0000000090600000, 0x0000000090600000|100%| O|  |TAMS 0x0000000090500000, 0x0000000090500000| Untracked 
| 262|0x0000000090600000, 0x0000000090700000, 0x0000000090700000|100%| O|  |TAMS 0x0000000090600000, 0x0000000090600000| Untracked 
| 263|0x0000000090700000, 0x0000000090800000, 0x0000000090800000|100%| O|  |TAMS 0x0000000090700000, 0x0000000090700000| Untracked 
| 264|0x0000000090800000, 0x0000000090900000, 0x0000000090900000|100%| O|  |TAMS 0x0000000090800000, 0x0000000090800000| Untracked 
| 265|0x0000000090900000, 0x0000000090a00000, 0x0000000090a00000|100%| O|  |TAMS 0x0000000090900000, 0x0000000090900000| Untracked 
| 266|0x0000000090a00000, 0x0000000090b00000, 0x0000000090b00000|100%| O|  |TAMS 0x0000000090a00000, 0x0000000090a00000| Untracked 
| 267|0x0000000090b00000, 0x0000000090c00000, 0x0000000090c00000|100%|HS|  |TAMS 0x0000000090b00000, 0x0000000090b00000| Complete 
| 268|0x0000000090c00000, 0x0000000090d00000, 0x0000000090d00000|100%|HC|  |TAMS 0x0000000090c00000, 0x0000000090c00000| Complete 
| 269|0x0000000090d00000, 0x0000000090e00000, 0x0000000090e00000|100%|HS|  |TAMS 0x0000000090d00000, 0x0000000090d00000| Complete 
| 270|0x0000000090e00000, 0x0000000090f00000, 0x0000000090f00000|100%|HC|  |TAMS 0x0000000090e00000, 0x0000000090e00000| Complete 
| 271|0x0000000090f00000, 0x0000000091000000, 0x0000000091000000|100%| O|  |TAMS 0x0000000090f00000, 0x0000000090f00000| Untracked 
| 272|0x0000000091000000, 0x0000000091100000, 0x0000000091100000|100%| O|  |TAMS 0x0000000091000000, 0x0000000091000000| Untracked 
| 273|0x0000000091100000, 0x0000000091200000, 0x0000000091200000|100%| O|  |TAMS 0x0000000091100000, 0x0000000091100000| Untracked 
| 274|0x0000000091200000, 0x0000000091300000, 0x0000000091300000|100%| O|  |TAMS 0x0000000091200000, 0x0000000091200000| Untracked 
| 275|0x0000000091300000, 0x0000000091400000, 0x0000000091400000|100%|HS|  |TAMS 0x0000000091300000, 0x0000000091300000| Complete 
| 276|0x0000000091400000, 0x0000000091500000, 0x0000000091500000|100%|HC|  |TAMS 0x0000000091400000, 0x0000000091400000| Complete 
| 277|0x0000000091500000, 0x0000000091600000, 0x0000000091600000|100%| O|  |TAMS 0x0000000091500000, 0x0000000091500000| Untracked 
| 278|0x0000000091600000, 0x0000000091700000, 0x0000000091700000|100%| O|  |TAMS 0x0000000091600000, 0x0000000091600000| Untracked 
| 279|0x0000000091700000, 0x0000000091800000, 0x0000000091800000|100%| O|  |TAMS 0x0000000091700000, 0x0000000091700000| Untracked 
| 280|0x0000000091800000, 0x0000000091900000, 0x0000000091900000|100%| O|  |TAMS 0x0000000091800000, 0x0000000091800000| Untracked 
| 281|0x0000000091900000, 0x0000000091a00000, 0x0000000091a00000|100%| O|  |TAMS 0x0000000091900000, 0x0000000091900000| Untracked 
| 282|0x0000000091a00000, 0x0000000091b00000, 0x0000000091b00000|100%| O|  |TAMS 0x0000000091a00000, 0x0000000091a00000| Untracked 
| 283|0x0000000091b00000, 0x0000000091c00000, 0x0000000091c00000|100%| O|  |TAMS 0x0000000091b00000, 0x0000000091b00000| Untracked 
| 284|0x0000000091c00000, 0x0000000091d00000, 0x0000000091d00000|100%| O|  |TAMS 0x0000000091c00000, 0x0000000091c00000| Untracked 
| 285|0x0000000091d00000, 0x0000000091e00000, 0x0000000091e00000|100%| O|  |TAMS 0x0000000091d00000, 0x0000000091d00000| Untracked 
| 286|0x0000000091e00000, 0x0000000091f00000, 0x0000000091f00000|100%| O|  |TAMS 0x0000000091e00000, 0x0000000091e00000| Untracked 
| 287|0x0000000091f00000, 0x0000000092000000, 0x0000000092000000|100%| O|  |TAMS 0x0000000091f00000, 0x0000000091f00000| Untracked 
| 288|0x0000000092000000, 0x0000000092100000, 0x0000000092100000|100%| O|  |TAMS 0x0000000092000000, 0x0000000092000000| Untracked 
| 289|0x0000000092100000, 0x0000000092200000, 0x0000000092200000|100%| O|  |TAMS 0x0000000092100000, 0x0000000092100000| Untracked 
| 290|0x0000000092200000, 0x0000000092300000, 0x0000000092300000|100%| O|  |TAMS 0x0000000092200000, 0x0000000092200000| Untracked 
| 291|0x0000000092300000, 0x0000000092400000, 0x0000000092400000|100%| O|  |TAMS 0x0000000092300000, 0x0000000092300000| Untracked 
| 292|0x0000000092400000, 0x0000000092500000, 0x0000000092500000|100%| O|  |TAMS 0x0000000092400000, 0x0000000092400000| Untracked 
| 293|0x0000000092500000, 0x0000000092600000, 0x0000000092600000|100%| O|  |TAMS 0x0000000092500000, 0x0000000092500000| Untracked 
| 294|0x0000000092600000, 0x0000000092700000, 0x0000000092700000|100%| O|  |TAMS 0x0000000092600000, 0x0000000092600000| Untracked 
| 295|0x0000000092700000, 0x0000000092800000, 0x0000000092800000|100%| O|  |TAMS 0x0000000092700000, 0x0000000092700000| Untracked 
| 296|0x0000000092800000, 0x0000000092900000, 0x0000000092900000|100%| O|  |TAMS 0x0000000092800000, 0x0000000092800000| Untracked 
| 297|0x0000000092900000, 0x0000000092a00000, 0x0000000092a00000|100%| O|  |TAMS 0x0000000092900000, 0x0000000092900000| Untracked 
| 298|0x0000000092a00000, 0x0000000092b00000, 0x0000000092b00000|100%| O|  |TAMS 0x0000000092a00000, 0x0000000092a00000| Untracked 
| 299|0x0000000092b00000, 0x0000000092c00000, 0x0000000092c00000|100%| O|  |TAMS 0x0000000092b00000, 0x0000000092b00000| Untracked 
| 300|0x0000000092c00000, 0x0000000092d00000, 0x0000000092d00000|100%| O|  |TAMS 0x0000000092c00000, 0x0000000092c00000| Untracked 
| 301|0x0000000092d00000, 0x0000000092e00000, 0x0000000092e00000|100%| O|  |TAMS 0x0000000092d00000, 0x0000000092d00000| Untracked 
| 302|0x0000000092e00000, 0x0000000092f00000, 0x0000000092f00000|100%| O|  |TAMS 0x0000000092e00000, 0x0000000092e00000| Untracked 
| 303|0x0000000092f00000, 0x0000000093000000, 0x0000000093000000|100%| O|  |TAMS 0x0000000092f00000, 0x0000000092f00000| Untracked 
| 304|0x0000000093000000, 0x0000000093100000, 0x0000000093100000|100%| O|  |TAMS 0x0000000093000000, 0x0000000093000000| Untracked 
| 305|0x0000000093100000, 0x0000000093200000, 0x0000000093200000|100%| O|  |TAMS 0x0000000093100000, 0x0000000093100000| Untracked 
| 306|0x0000000093200000, 0x0000000093300000, 0x0000000093300000|100%| O|  |TAMS 0x0000000093200000, 0x0000000093200000| Untracked 
| 307|0x0000000093300000, 0x0000000093400000, 0x0000000093400000|100%| O|  |TAMS 0x0000000093300000, 0x0000000093300000| Untracked 
| 308|0x0000000093400000, 0x0000000093500000, 0x0000000093500000|100%| O|  |TAMS 0x0000000093400000, 0x0000000093400000| Untracked 
| 309|0x0000000093500000, 0x0000000093600000, 0x0000000093600000|100%|HS|  |TAMS 0x0000000093500000, 0x0000000093500000| Complete 
| 310|0x0000000093600000, 0x0000000093700000, 0x0000000093700000|100%|HS|  |TAMS 0x0000000093600000, 0x0000000093600000| Complete 
| 311|0x0000000093700000, 0x0000000093800000, 0x0000000093800000|100%|HS|  |TAMS 0x0000000093700000, 0x0000000093700000| Complete 
| 312|0x0000000093800000, 0x0000000093900000, 0x0000000093900000|100%| O|  |TAMS 0x0000000093800000, 0x0000000093800000| Untracked 
| 313|0x0000000093900000, 0x0000000093a00000, 0x0000000093a00000|100%| O|  |TAMS 0x0000000093900000, 0x0000000093900000| Untracked 
| 314|0x0000000093a00000, 0x0000000093b00000, 0x0000000093b00000|100%| O|  |TAMS 0x0000000093a00000, 0x0000000093a00000| Untracked 
| 315|0x0000000093b00000, 0x0000000093c00000, 0x0000000093c00000|100%| O|  |TAMS 0x0000000093b00000, 0x0000000093b00000| Untracked 
| 316|0x0000000093c00000, 0x0000000093d00000, 0x0000000093d00000|100%| O|  |TAMS 0x0000000093c00000, 0x0000000093c00000| Untracked 
| 317|0x0000000093d00000, 0x0000000093e00000, 0x0000000093e00000|100%| O|  |TAMS 0x0000000093d00000, 0x0000000093d00000| Untracked 
| 318|0x0000000093e00000, 0x0000000093f00000, 0x0000000093f00000|100%| O|  |TAMS 0x0000000093e00000, 0x0000000093e00000| Untracked 
| 319|0x0000000093f00000, 0x0000000094000000, 0x0000000094000000|100%| O|  |TAMS 0x0000000093f00000, 0x0000000093f00000| Untracked 
| 320|0x0000000094000000, 0x0000000094100000, 0x0000000094100000|100%| O|  |TAMS 0x0000000094000000, 0x0000000094000000| Untracked 
| 321|0x0000000094100000, 0x0000000094200000, 0x0000000094200000|100%| O|  |TAMS 0x0000000094100000, 0x0000000094100000| Untracked 
| 322|0x0000000094200000, 0x0000000094300000, 0x0000000094300000|100%| O|  |TAMS 0x0000000094200000, 0x0000000094200000| Untracked 
| 323|0x0000000094300000, 0x0000000094400000, 0x0000000094400000|100%| O|  |TAMS 0x0000000094400000, 0x0000000094300000| Untracked 
| 324|0x0000000094400000, 0x0000000094500000, 0x0000000094500000|100%| O|  |TAMS 0x0000000094500000, 0x0000000094400000| Untracked 
| 325|0x0000000094500000, 0x0000000094600000, 0x0000000094600000|100%| O|  |TAMS 0x0000000094500000, 0x0000000094500000| Untracked 
| 326|0x0000000094600000, 0x0000000094700000, 0x0000000094700000|100%| O|  |TAMS 0x0000000094700000, 0x0000000094600000| Untracked 
| 327|0x0000000094700000, 0x0000000094800000, 0x0000000094800000|100%| O|  |TAMS 0x0000000094800000, 0x0000000094700000| Untracked 
| 328|0x0000000094800000, 0x0000000094900000, 0x0000000094900000|100%| O|  |TAMS 0x0000000094900000, 0x0000000094800000| Untracked 
| 329|0x0000000094900000, 0x0000000094a00000, 0x0000000094a00000|100%| O|  |TAMS 0x0000000094900000, 0x0000000094900000| Untracked 
| 330|0x0000000094a00000, 0x0000000094b00000, 0x0000000094b00000|100%| O|  |TAMS 0x0000000094b00000, 0x0000000094a00000| Untracked 
| 331|0x0000000094b00000, 0x0000000094c00000, 0x0000000094c00000|100%| O|  |TAMS 0x0000000094c00000, 0x0000000094b00000| Untracked 
| 332|0x0000000094c00000, 0x0000000094d00000, 0x0000000094d00000|100%| O|  |TAMS 0x0000000094d00000, 0x0000000094c00000| Untracked 
| 333|0x0000000094d00000, 0x0000000094e00000, 0x0000000094e00000|100%| O|  |TAMS 0x0000000094d00000, 0x0000000094d00000| Untracked 
| 334|0x0000000094e00000, 0x0000000094f00000, 0x0000000094f00000|100%| O|  |TAMS 0x0000000094e00000, 0x0000000094e00000| Untracked 
| 335|0x0000000094f00000, 0x0000000095000000, 0x0000000095000000|100%| O|  |TAMS 0x0000000094f00000, 0x0000000094f00000| Untracked 
| 336|0x0000000095000000, 0x0000000095100000, 0x0000000095100000|100%|HS|  |TAMS 0x0000000095000000, 0x0000000095000000| Complete 
| 337|0x0000000095100000, 0x0000000095200000, 0x0000000095200000|100%|HS|  |TAMS 0x0000000095100000, 0x0000000095100000| Complete 
| 338|0x0000000095200000, 0x0000000095300000, 0x0000000095300000|100%| O|  |TAMS 0x0000000095200000, 0x0000000095200000| Untracked 
| 339|0x0000000095300000, 0x0000000095400000, 0x0000000095400000|100%| O|  |TAMS 0x0000000095300000, 0x0000000095300000| Untracked 
| 340|0x0000000095400000, 0x0000000095500000, 0x0000000095500000|100%| O|  |TAMS 0x0000000095400000, 0x0000000095400000| Untracked 
| 341|0x0000000095500000, 0x0000000095600000, 0x0000000095600000|100%| O|  |TAMS 0x0000000095500000, 0x0000000095500000| Untracked 
| 342|0x0000000095600000, 0x0000000095700000, 0x0000000095700000|100%| O|  |TAMS 0x0000000095600000, 0x0000000095600000| Untracked 
| 343|0x0000000095700000, 0x0000000095800000, 0x0000000095800000|100%| O|  |TAMS 0x0000000095700000, 0x0000000095700000| Untracked 
| 344|0x0000000095800000, 0x0000000095900000, 0x0000000095900000|100%| O|  |TAMS 0x0000000095800000, 0x0000000095800000| Untracked 
| 345|0x0000000095900000, 0x0000000095a00000, 0x0000000095a00000|100%| O|  |TAMS 0x0000000095900000, 0x0000000095900000| Untracked 
| 346|0x0000000095a00000, 0x0000000095b00000, 0x0000000095b00000|100%| O|  |TAMS 0x0000000095a00000, 0x0000000095a00000| Untracked 
| 347|0x0000000095b00000, 0x0000000095c00000, 0x0000000095c00000|100%| O|  |TAMS 0x0000000095b00000, 0x0000000095b00000| Untracked 
| 348|0x0000000095c00000, 0x0000000095d00000, 0x0000000095d00000|100%| O|  |TAMS 0x0000000095c00000, 0x0000000095c00000| Untracked 
| 349|0x0000000095d00000, 0x0000000095e00000, 0x0000000095e00000|100%| O|  |TAMS 0x0000000095d00000, 0x0000000095d00000| Untracked 
| 350|0x0000000095e00000, 0x0000000095f00000, 0x0000000095f00000|100%| O|  |TAMS 0x0000000095e00000, 0x0000000095e00000| Untracked 
| 351|0x0000000095f00000, 0x0000000096000000, 0x0000000096000000|100%| O|  |TAMS 0x0000000095f00000, 0x0000000095f00000| Untracked 
| 352|0x0000000096000000, 0x0000000096100000, 0x0000000096100000|100%| O|  |TAMS 0x0000000096000000, 0x0000000096000000| Untracked 
| 353|0x0000000096100000, 0x0000000096200000, 0x0000000096200000|100%| O|  |TAMS 0x0000000096100000, 0x0000000096100000| Untracked 
| 354|0x0000000096200000, 0x0000000096300000, 0x0000000096300000|100%| O|  |TAMS 0x0000000096200000, 0x0000000096200000| Untracked 
| 355|0x0000000096300000, 0x0000000096400000, 0x0000000096400000|100%| O|  |TAMS 0x0000000096300000, 0x0000000096300000| Untracked 
| 356|0x0000000096400000, 0x0000000096500000, 0x0000000096500000|100%| O|  |TAMS 0x0000000096400000, 0x0000000096400000| Untracked 
| 357|0x0000000096500000, 0x0000000096600000, 0x0000000096600000|100%| O|  |TAMS 0x0000000096500000, 0x0000000096500000| Untracked 
| 358|0x0000000096600000, 0x0000000096700000, 0x0000000096700000|100%| O|  |TAMS 0x0000000096600000, 0x0000000096600000| Untracked 
| 359|0x0000000096700000, 0x0000000096800000, 0x0000000096800000|100%| O|  |TAMS 0x0000000096700000, 0x0000000096700000| Untracked 
| 360|0x0000000096800000, 0x0000000096900000, 0x0000000096900000|100%| O|  |TAMS 0x0000000096800000, 0x0000000096800000| Untracked 
| 361|0x0000000096900000, 0x000000009699ee00, 0x0000000096a00000| 62%| O|  |TAMS 0x0000000096900000, 0x0000000096900000| Untracked 
| 362|0x0000000096a00000, 0x0000000096a00000, 0x0000000096b00000|  0%| F|  |TAMS 0x0000000096a00000, 0x0000000096a00000| Untracked 
| 363|0x0000000096b00000, 0x0000000096c00000, 0x0000000096c00000|100%|HS|  |TAMS 0x0000000096b00000, 0x0000000096b00000| Complete 
| 364|0x0000000096c00000, 0x0000000096d00000, 0x0000000096d00000|100%|HC|  |TAMS 0x0000000096c00000, 0x0000000096c00000| Complete 
| 365|0x0000000096d00000, 0x0000000096e00000, 0x0000000096e00000|100%|HC|  |TAMS 0x0000000096d00000, 0x0000000096d00000| Complete 
| 366|0x0000000096e00000, 0x0000000096f00000, 0x0000000096f00000|100%|HC|  |TAMS 0x0000000096e00000, 0x0000000096e00000| Complete 
| 367|0x0000000096f00000, 0x0000000097000000, 0x0000000097000000|100%|HC|  |TAMS 0x0000000096f00000, 0x0000000096f00000| Complete 
| 368|0x0000000097000000, 0x0000000097100000, 0x0000000097100000|100%|HC|  |TAMS 0x0000000097000000, 0x0000000097000000| Complete 
| 369|0x0000000097100000, 0x0000000097200000, 0x0000000097200000|100%|HC|  |TAMS 0x0000000097100000, 0x0000000097100000| Complete 
| 370|0x0000000097200000, 0x0000000097300000, 0x0000000097300000|100%| O|  |TAMS 0x0000000097200000, 0x0000000097200000| Untracked 
| 371|0x0000000097300000, 0x0000000097400000, 0x0000000097400000|100%| O|  |TAMS 0x0000000097300000, 0x0000000097300000| Untracked 
| 372|0x0000000097400000, 0x0000000097500000, 0x0000000097500000|100%| O|  |TAMS 0x0000000097400000, 0x0000000097400000| Untracked 
| 373|0x0000000097500000, 0x0000000097600000, 0x0000000097600000|100%| O|  |TAMS 0x0000000097500000, 0x0000000097500000| Untracked 
| 374|0x0000000097600000, 0x0000000097700000, 0x0000000097700000|100%| O|  |TAMS 0x0000000097600000, 0x0000000097600000| Untracked 
| 375|0x0000000097700000, 0x0000000097800000, 0x0000000097800000|100%| O|  |TAMS 0x0000000097700000, 0x0000000097700000| Untracked 
| 376|0x0000000097800000, 0x0000000097900000, 0x0000000097900000|100%| O|  |TAMS 0x0000000097800000, 0x0000000097800000| Untracked 
| 377|0x0000000097900000, 0x0000000097a00000, 0x0000000097a00000|100%| O|  |TAMS 0x0000000097900000, 0x0000000097900000| Untracked 
| 378|0x0000000097a00000, 0x0000000097b00000, 0x0000000097b00000|100%| O|  |TAMS 0x0000000097a00000, 0x0000000097a00000| Untracked 
| 379|0x0000000097b00000, 0x0000000097c00000, 0x0000000097c00000|100%| O|  |TAMS 0x0000000097b00000, 0x0000000097b00000| Untracked 
| 380|0x0000000097c00000, 0x0000000097d00000, 0x0000000097d00000|100%| O|  |TAMS 0x0000000097c00000, 0x0000000097c00000| Untracked 
| 381|0x0000000097d00000, 0x0000000097e00000, 0x0000000097e00000|100%| O|  |TAMS 0x0000000097d00000, 0x0000000097d00000| Untracked 
| 382|0x0000000097e00000, 0x0000000097e00000, 0x0000000097f00000|  0%| F|  |TAMS 0x0000000097e00000, 0x0000000097e00000| Untracked 
| 383|0x0000000097f00000, 0x0000000097f00000, 0x0000000098000000|  0%| F|  |TAMS 0x0000000097f00000, 0x0000000097f00000| Untracked 
| 384|0x0000000098000000, 0x0000000098000000, 0x0000000098100000|  0%| F|  |TAMS 0x0000000098000000, 0x0000000098000000| Untracked 
| 385|0x0000000098100000, 0x0000000098100000, 0x0000000098200000|  0%| F|  |TAMS 0x0000000098100000, 0x0000000098100000| Untracked 
| 386|0x0000000098200000, 0x0000000098200000, 0x0000000098300000|  0%| F|  |TAMS 0x0000000098200000, 0x0000000098200000| Untracked 
| 387|0x0000000098300000, 0x0000000098300000, 0x0000000098400000|  0%| F|  |TAMS 0x0000000098300000, 0x0000000098300000| Untracked 
| 388|0x0000000098400000, 0x0000000098400000, 0x0000000098500000|  0%| F|  |TAMS 0x0000000098400000, 0x0000000098400000| Untracked 
| 389|0x0000000098500000, 0x0000000098500000, 0x0000000098600000|  0%| F|  |TAMS 0x0000000098500000, 0x0000000098500000| Untracked 
| 390|0x0000000098600000, 0x0000000098600000, 0x0000000098700000|  0%| F|  |TAMS 0x0000000098600000, 0x0000000098600000| Untracked 
| 391|0x0000000098700000, 0x0000000098700000, 0x0000000098800000|  0%| F|  |TAMS 0x0000000098700000, 0x0000000098700000| Untracked 
| 392|0x0000000098800000, 0x0000000098800000, 0x0000000098900000|  0%| F|  |TAMS 0x0000000098800000, 0x0000000098800000| Untracked 
| 393|0x0000000098900000, 0x0000000098900000, 0x0000000098a00000|  0%| F|  |TAMS 0x0000000098900000, 0x0000000098900000| Untracked 
| 394|0x0000000098a00000, 0x0000000098a00000, 0x0000000098b00000|  0%| F|  |TAMS 0x0000000098a00000, 0x0000000098a00000| Untracked 
| 395|0x0000000098b00000, 0x0000000098b00000, 0x0000000098c00000|  0%| F|  |TAMS 0x0000000098b00000, 0x0000000098b00000| Untracked 
| 396|0x0000000098c00000, 0x0000000098c00000, 0x0000000098d00000|  0%| F|  |TAMS 0x0000000098c00000, 0x0000000098c00000| Untracked 
| 397|0x0000000098d00000, 0x0000000098d00000, 0x0000000098e00000|  0%| F|  |TAMS 0x0000000098d00000, 0x0000000098d00000| Untracked 
| 398|0x0000000098e00000, 0x0000000098e00000, 0x0000000098f00000|  0%| F|  |TAMS 0x0000000098e00000, 0x0000000098e00000| Untracked 
| 399|0x0000000098f00000, 0x0000000098f00000, 0x0000000099000000|  0%| F|  |TAMS 0x0000000098f00000, 0x0000000098f00000| Untracked 
| 400|0x0000000099000000, 0x0000000099000000, 0x0000000099100000|  0%| F|  |TAMS 0x0000000099000000, 0x0000000099000000| Untracked 
| 401|0x0000000099100000, 0x0000000099100000, 0x0000000099200000|  0%| F|  |TAMS 0x0000000099100000, 0x0000000099100000| Untracked 
| 402|0x0000000099200000, 0x0000000099200000, 0x0000000099300000|  0%| F|  |TAMS 0x0000000099200000, 0x0000000099200000| Untracked 
| 403|0x0000000099300000, 0x0000000099300000, 0x0000000099400000|  0%| F|  |TAMS 0x0000000099300000, 0x0000000099300000| Untracked 
| 404|0x0000000099400000, 0x0000000099400000, 0x0000000099500000|  0%| F|  |TAMS 0x0000000099400000, 0x0000000099400000| Untracked 
| 405|0x0000000099500000, 0x0000000099500000, 0x0000000099600000|  0%| F|  |TAMS 0x0000000099500000, 0x0000000099500000| Untracked 
| 406|0x0000000099600000, 0x0000000099600000, 0x0000000099700000|  0%| F|  |TAMS 0x0000000099600000, 0x0000000099600000| Untracked 
| 407|0x0000000099700000, 0x0000000099700000, 0x0000000099800000|  0%| F|  |TAMS 0x0000000099700000, 0x0000000099700000| Untracked 
| 408|0x0000000099800000, 0x0000000099800000, 0x0000000099900000|  0%| F|  |TAMS 0x0000000099800000, 0x0000000099800000| Untracked 
| 409|0x0000000099900000, 0x0000000099900000, 0x0000000099a00000|  0%| F|  |TAMS 0x0000000099900000, 0x0000000099900000| Untracked 
| 410|0x0000000099a00000, 0x0000000099a00000, 0x0000000099b00000|  0%| F|  |TAMS 0x0000000099a00000, 0x0000000099a00000| Untracked 
| 411|0x0000000099b00000, 0x0000000099b00000, 0x0000000099c00000|  0%| F|  |TAMS 0x0000000099b00000, 0x0000000099b00000| Untracked 
| 412|0x0000000099c00000, 0x0000000099c00000, 0x0000000099d00000|  0%| F|  |TAMS 0x0000000099c00000, 0x0000000099c00000| Untracked 
| 413|0x0000000099d00000, 0x0000000099d00000, 0x0000000099e00000|  0%| F|  |TAMS 0x0000000099d00000, 0x0000000099d00000| Untracked 
| 414|0x0000000099e00000, 0x0000000099e00000, 0x0000000099f00000|  0%| F|  |TAMS 0x0000000099e00000, 0x0000000099e00000| Untracked 
| 415|0x0000000099f00000, 0x0000000099f00000, 0x000000009a000000|  0%| F|  |TAMS 0x0000000099f00000, 0x0000000099f00000| Untracked 
| 416|0x000000009a000000, 0x000000009a000000, 0x000000009a100000|  0%| F|  |TAMS 0x000000009a000000, 0x000000009a000000| Untracked 
| 417|0x000000009a100000, 0x000000009a100000, 0x000000009a200000|  0%| F|  |TAMS 0x000000009a100000, 0x000000009a100000| Untracked 
| 418|0x000000009a200000, 0x000000009a200000, 0x000000009a300000|  0%| F|  |TAMS 0x000000009a200000, 0x000000009a200000| Untracked 
| 419|0x000000009a300000, 0x000000009a300000, 0x000000009a400000|  0%| F|  |TAMS 0x000000009a300000, 0x000000009a300000| Untracked 
| 420|0x000000009a400000, 0x000000009a400000, 0x000000009a500000|  0%| F|  |TAMS 0x000000009a400000, 0x000000009a400000| Untracked 
| 421|0x000000009a500000, 0x000000009a500000, 0x000000009a600000|  0%| F|  |TAMS 0x000000009a500000, 0x000000009a500000| Untracked 
| 422|0x000000009a600000, 0x000000009a600000, 0x000000009a700000|  0%| F|  |TAMS 0x000000009a600000, 0x000000009a600000| Untracked 
| 423|0x000000009a700000, 0x000000009a700000, 0x000000009a800000|  0%| F|  |TAMS 0x000000009a700000, 0x000000009a700000| Untracked 
| 424|0x000000009a800000, 0x000000009a800000, 0x000000009a900000|  0%| F|  |TAMS 0x000000009a800000, 0x000000009a800000| Untracked 
| 425|0x000000009a900000, 0x000000009a900000, 0x000000009aa00000|  0%| F|  |TAMS 0x000000009a900000, 0x000000009a900000| Untracked 
| 426|0x000000009aa00000, 0x000000009aa00000, 0x000000009ab00000|  0%| F|  |TAMS 0x000000009aa00000, 0x000000009aa00000| Untracked 
| 427|0x000000009ab00000, 0x000000009ab00000, 0x000000009ac00000|  0%| F|  |TAMS 0x000000009ab00000, 0x000000009ab00000| Untracked 
| 428|0x000000009ac00000, 0x000000009ac00000, 0x000000009ad00000|  0%| F|  |TAMS 0x000000009ac00000, 0x000000009ac00000| Untracked 
| 429|0x000000009ad00000, 0x000000009ad00000, 0x000000009ae00000|  0%| F|  |TAMS 0x000000009ad00000, 0x000000009ad00000| Untracked 
| 430|0x000000009ae00000, 0x000000009ae00000, 0x000000009af00000|  0%| F|  |TAMS 0x000000009ae00000, 0x000000009ae00000| Untracked 
| 431|0x000000009af00000, 0x000000009af00000, 0x000000009b000000|  0%| F|  |TAMS 0x000000009af00000, 0x000000009af00000| Untracked 
| 432|0x000000009b000000, 0x000000009b000000, 0x000000009b100000|  0%| F|  |TAMS 0x000000009b000000, 0x000000009b000000| Untracked 
| 433|0x000000009b100000, 0x000000009b100000, 0x000000009b200000|  0%| F|  |TAMS 0x000000009b100000, 0x000000009b100000| Untracked 
| 434|0x000000009b200000, 0x000000009b200000, 0x000000009b300000|  0%| F|  |TAMS 0x000000009b200000, 0x000000009b200000| Untracked 
| 435|0x000000009b300000, 0x000000009b300000, 0x000000009b400000|  0%| F|  |TAMS 0x000000009b300000, 0x000000009b300000| Untracked 
| 436|0x000000009b400000, 0x000000009b400000, 0x000000009b500000|  0%| F|  |TAMS 0x000000009b400000, 0x000000009b400000| Untracked 
| 437|0x000000009b500000, 0x000000009b500000, 0x000000009b600000|  0%| F|  |TAMS 0x000000009b500000, 0x000000009b500000| Untracked 
| 438|0x000000009b600000, 0x000000009b600000, 0x000000009b700000|  0%| F|  |TAMS 0x000000009b600000, 0x000000009b600000| Untracked 
| 439|0x000000009b700000, 0x000000009b700000, 0x000000009b800000|  0%| F|  |TAMS 0x000000009b700000, 0x000000009b700000| Untracked 
| 440|0x000000009b800000, 0x000000009b800000, 0x000000009b900000|  0%| F|  |TAMS 0x000000009b800000, 0x000000009b800000| Untracked 
| 441|0x000000009b900000, 0x000000009b900000, 0x000000009ba00000|  0%| F|  |TAMS 0x000000009b900000, 0x000000009b900000| Untracked 
| 442|0x000000009ba00000, 0x000000009ba00000, 0x000000009bb00000|  0%| F|  |TAMS 0x000000009ba00000, 0x000000009ba00000| Untracked 
| 443|0x000000009bb00000, 0x000000009bb00000, 0x000000009bc00000|  0%| F|  |TAMS 0x000000009bb00000, 0x000000009bb00000| Untracked 
| 444|0x000000009bc00000, 0x000000009bc00000, 0x000000009bd00000|  0%| F|  |TAMS 0x000000009bc00000, 0x000000009bc00000| Untracked 
| 445|0x000000009bd00000, 0x000000009bd00000, 0x000000009be00000|  0%| F|  |TAMS 0x000000009bd00000, 0x000000009bd00000| Untracked 
| 446|0x000000009be00000, 0x000000009be00000, 0x000000009bf00000|  0%| F|  |TAMS 0x000000009be00000, 0x000000009be00000| Untracked 
| 447|0x000000009bf00000, 0x000000009bf00000, 0x000000009c000000|  0%| F|  |TAMS 0x000000009bf00000, 0x000000009bf00000| Untracked 
| 448|0x000000009c000000, 0x000000009c000000, 0x000000009c100000|  0%| F|  |TAMS 0x000000009c000000, 0x000000009c000000| Untracked 
| 449|0x000000009c100000, 0x000000009c100000, 0x000000009c200000|  0%| F|  |TAMS 0x000000009c100000, 0x000000009c100000| Untracked 
| 450|0x000000009c200000, 0x000000009c240010, 0x000000009c300000| 25%| S|CS|TAMS 0x000000009c200000, 0x000000009c200000| Complete 
| 451|0x000000009c300000, 0x000000009c400000, 0x000000009c400000|100%| S|CS|TAMS 0x000000009c300000, 0x000000009c300000| Complete 
| 452|0x000000009c400000, 0x000000009c400000, 0x000000009c500000|  0%| F|  |TAMS 0x000000009c400000, 0x000000009c400000| Untracked 
| 453|0x000000009c500000, 0x000000009c500000, 0x000000009c600000|  0%| F|  |TAMS 0x000000009c500000, 0x000000009c500000| Untracked 
| 454|0x000000009c600000, 0x000000009c600000, 0x000000009c700000|  0%| F|  |TAMS 0x000000009c600000, 0x000000009c600000| Untracked 
| 455|0x000000009c700000, 0x000000009c700000, 0x000000009c800000|  0%| F|  |TAMS 0x000000009c700000, 0x000000009c700000| Untracked 
| 456|0x000000009c800000, 0x000000009c800000, 0x000000009c900000|  0%| F|  |TAMS 0x000000009c800000, 0x000000009c800000| Untracked 
| 457|0x000000009c900000, 0x000000009c900000, 0x000000009ca00000|  0%| F|  |TAMS 0x000000009c900000, 0x000000009c900000| Untracked 
| 458|0x000000009ca00000, 0x000000009ca00000, 0x000000009cb00000|  0%| F|  |TAMS 0x000000009ca00000, 0x000000009ca00000| Untracked 
| 459|0x000000009cb00000, 0x000000009cb00000, 0x000000009cc00000|  0%| F|  |TAMS 0x000000009cb00000, 0x000000009cb00000| Untracked 
| 460|0x000000009cc00000, 0x000000009cc00000, 0x000000009cd00000|  0%| F|  |TAMS 0x000000009cc00000, 0x000000009cc00000| Untracked 
| 461|0x000000009cd00000, 0x000000009cd00000, 0x000000009ce00000|  0%| F|  |TAMS 0x000000009cd00000, 0x000000009cd00000| Untracked 
| 462|0x000000009ce00000, 0x000000009ce00000, 0x000000009cf00000|  0%| F|  |TAMS 0x000000009ce00000, 0x000000009ce00000| Untracked 
| 463|0x000000009cf00000, 0x000000009cf00000, 0x000000009d000000|  0%| F|  |TAMS 0x000000009cf00000, 0x000000009cf00000| Untracked 
| 464|0x000000009d000000, 0x000000009d000000, 0x000000009d100000|  0%| F|  |TAMS 0x000000009d000000, 0x000000009d000000| Untracked 
| 465|0x000000009d100000, 0x000000009d100000, 0x000000009d200000|  0%| F|  |TAMS 0x000000009d100000, 0x000000009d100000| Untracked 
| 466|0x000000009d200000, 0x000000009d200000, 0x000000009d300000|  0%| F|  |TAMS 0x000000009d200000, 0x000000009d200000| Untracked 
| 467|0x000000009d300000, 0x000000009d300000, 0x000000009d400000|  0%| F|  |TAMS 0x000000009d300000, 0x000000009d300000| Untracked 
| 468|0x000000009d400000, 0x000000009d400000, 0x000000009d500000|  0%| F|  |TAMS 0x000000009d400000, 0x000000009d400000| Untracked 
| 469|0x000000009d500000, 0x000000009d500000, 0x000000009d600000|  0%| F|  |TAMS 0x000000009d500000, 0x000000009d500000| Untracked 
| 470|0x000000009d600000, 0x000000009d600000, 0x000000009d700000|  0%| F|  |TAMS 0x000000009d600000, 0x000000009d600000| Untracked 
| 471|0x000000009d700000, 0x000000009d700000, 0x000000009d800000|  0%| F|  |TAMS 0x000000009d700000, 0x000000009d700000| Untracked 
| 472|0x000000009d800000, 0x000000009d800000, 0x000000009d900000|  0%| F|  |TAMS 0x000000009d800000, 0x000000009d800000| Untracked 
| 473|0x000000009d900000, 0x000000009d900000, 0x000000009da00000|  0%| F|  |TAMS 0x000000009d900000, 0x000000009d900000| Untracked 
| 474|0x000000009da00000, 0x000000009da00000, 0x000000009db00000|  0%| F|  |TAMS 0x000000009da00000, 0x000000009da00000| Untracked 
| 475|0x000000009db00000, 0x000000009db00000, 0x000000009dc00000|  0%| F|  |TAMS 0x000000009db00000, 0x000000009db00000| Untracked 
| 476|0x000000009dc00000, 0x000000009dc00000, 0x000000009dd00000|  0%| F|  |TAMS 0x000000009dc00000, 0x000000009dc00000| Untracked 
| 477|0x000000009dd00000, 0x000000009dd00000, 0x000000009de00000|  0%| F|  |TAMS 0x000000009dd00000, 0x000000009dd00000| Untracked 
| 478|0x000000009de00000, 0x000000009de00000, 0x000000009df00000|  0%| F|  |TAMS 0x000000009de00000, 0x000000009de00000| Untracked 
| 479|0x000000009df00000, 0x000000009df00000, 0x000000009e000000|  0%| F|  |TAMS 0x000000009df00000, 0x000000009df00000| Untracked 
| 480|0x000000009e000000, 0x000000009e000000, 0x000000009e100000|  0%| F|  |TAMS 0x000000009e000000, 0x000000009e000000| Untracked 
| 481|0x000000009e100000, 0x000000009e100000, 0x000000009e200000|  0%| F|  |TAMS 0x000000009e100000, 0x000000009e100000| Untracked 
| 482|0x000000009e200000, 0x000000009e200000, 0x000000009e300000|  0%| F|  |TAMS 0x000000009e200000, 0x000000009e200000| Untracked 

Card table byte_map: [0x0000000019d60000,0x000000001a160000] _byte_map_base: 0x0000000019960000

Marking Bits (Prev, Next): (CMBitMap*) 0x0000000002c5d010, (CMBitMap*) 0x0000000002c5d050
 Prev Bits: [0x000000001a560000, 0x000000001c560000)
 Next Bits: [0x000000001c560000, 0x000000001e560000)

Polling page: 0x0000000000a60000

Metaspace:

Usage:
  Non-class:    151.37 MB used.
      Class:     24.15 MB used.
       Both:    175.52 MB used.

Virtual space:
  Non-class space:      160.00 MB reserved,     152.62 MB ( 95%) committed,  20 nodes.
      Class space:      412.00 MB reserved,      25.31 MB (  6%) committed,  1 nodes.
             Both:      572.00 MB reserved,     177.94 MB ( 31%) committed. 

Chunk freelists:
   Non-Class:  2.44 MB
       Class:  2.62 MB
        Both:  5.06 MB

MaxMetaspaceSize: 512.00 MB
CompressedClassSpaceSize: 412.00 MB
Initial GC threshold: 21.00 MB
Current GC threshold: 274.94 MB
CDS: on
MetaspaceReclaimPolicy: balanced
 - commit_granule_bytes: 65536.
 - commit_granule_words: 8192.
 - virtual_space_node_default_size: 1048576.
 - enlarge_chunks_in_place: 1.
 - new_chunks_are_fully_committed: 0.
 - uncommit_free_chunks: 1.
 - use_allocation_guard: 0.
 - handle_deallocations: 1.


Internal statistics:

num_allocs_failed_limit: 9.
num_arena_births: 5014.
num_arena_deaths: 976.
num_vsnodes_births: 21.
num_vsnodes_deaths: 0.
num_space_committed: 2848.
num_space_uncommitted: 2.
num_chunks_returned_to_freelist: 1263.
num_chunks_taken_from_freelist: 14118.
num_chunk_merges: 451.
num_chunk_splits: 8518.
num_chunks_enlarged: 4793.
num_purges: 4.
num_inconsistent_stats: 0.

CodeHeap 'non-profiled nmethods': size=120000Kb used=25474Kb max_used=25474Kb free=94525Kb
 bounds [0x0000000011ed0000, 0x00000000137c0000, 0x0000000019400000]
CodeHeap 'profiled nmethods': size=120000Kb used=63717Kb max_used=63717Kb free=56282Kb
 bounds [0x000000000a9a0000, 0x000000000e7e0000, 0x0000000011ed0000]
CodeHeap 'non-nmethods': size=5760Kb used=1894Kb max_used=1957Kb free=3865Kb
 bounds [0x000000000a400000, 0x000000000a670000, 0x000000000a9a0000]
 total_blobs=32567 nmethods=31559 adapters=917
 compilation: enabled
              stopped_count=0, restarted_count=0
 full_count=0

Compilation events (20 events):
Event: 5571.498 Thread 0x00000000214bb660 41301       1       com.android.tools.r8.graph.cd::A (3 bytes)
Event: 5571.499 Thread 0x00000000214bb660 nmethod 41301 0x00000000137afa10 code [0x00000000137afba0, 0x00000000137afc78]
Event: 5571.499 Thread 0x00000000214bb660 41298       2       com.android.tools.r8.dex.e0::c (31 bytes)
Event: 5571.499 Thread 0x00000000214bb660 nmethod 41298 0x000000000e7da090 code [0x000000000e7da220, 0x000000000e7da338]
Event: 5571.499 Thread 0x00000000214bb660 41304       2       com.android.tools.r8.graph.f7::a (13 bytes)
Event: 5571.499 Thread 0x00000000214bb660 nmethod 41304 0x000000000e7da410 code [0x000000000e7da5a0, 0x000000000e7da6e8]
Event: 5571.499 Thread 0x00000000214bb660 41305       2       com.android.tools.r8.internal.oj0::<init> (7 bytes)
Event: 5571.500 Thread 0x00000000214bb660 nmethod 41305 0x000000000e7da810 code [0x000000000e7da9a0, 0x000000000e7daac8]
Event: 5571.500 Thread 0x00000000214bb660 41307       1       com.android.tools.r8.graph.cd::N (2 bytes)
Event: 5571.500 Thread 0x00000000214bb660 nmethod 41307 0x00000000137afd10 code [0x00000000137afea0, 0x00000000137aff78]
Event: 5571.500 Thread 0x00000000214bb660 41306       1       com.android.tools.r8.graph.cd::b (2 bytes)
Event: 5571.500 Thread 0x00000000214bb660 nmethod 41306 0x00000000137b0010 code [0x00000000137b01a0, 0x00000000137b0278]
Event: 5571.500 Thread 0x00000000214bb660 41308       2       com.android.tools.r8.graph.cd::I (5 bytes)
Event: 5571.500 Thread 0x00000000214bb660 nmethod 41308 0x000000000e7dab90 code [0x000000000e7dad20, 0x000000000e7daeb8]
Event: 5571.500 Thread 0x00000000214bb660 41310       2       com.android.tools.r8.graph.ra::f (59 bytes)
Event: 5571.502 Thread 0x00000000214bb660 nmethod 41310 0x000000000e7daf90 code [0x000000000e7db180, 0x000000000e7db558]
Event: 5571.502 Thread 0x00000000214bb660 41309       1       com.android.tools.r8.graph.cd::c (2 bytes)
Event: 5571.502 Thread 0x00000000214bb660 nmethod 41309 0x00000000137b0310 code [0x00000000137b04a0, 0x00000000137b0578]
Event: 5571.502 Thread 0x00000000214bb660 41311       1       com.android.tools.r8.graph.cd::z (2 bytes)
Event: 5571.502 Thread 0x00000000214bb660 nmethod 41311 0x00000000137b0610 code [0x00000000137b07a0, 0x00000000137b0878]

GC Heap History (20 events):
Event: 5499.459 GC heap after
{Heap after GC invocations=141 (full 1):
 garbage-first heap   total 494592K, used 280071K [0x0000000080000000, 0x0000000100000000)
  region size 1024K, 5 young (5120K), 5 survivors (5120K)
 Metaspace       used 176321K, committed 178688K, reserved 577536K
  class space    used 24353K, committed 25536K, reserved 421888K
}
Event: 5525.995 GC heap before
{Heap before GC invocations=141 (full 1):
 garbage-first heap   total 494592K, used 376327K [0x0000000080000000, 0x0000000100000000)
  region size 1024K, 99 young (101376K), 5 survivors (5120K)
 Metaspace       used 176666K, committed 179072K, reserved 577536K
  class space    used 24362K, committed 25536K, reserved 421888K
}
Event: 5526.030 GC heap after
{Heap after GC invocations=142 (full 1):
 garbage-first heap   total 494592K, used 283143K [0x0000000080000000, 0x0000000100000000)
  region size 1024K, 8 young (8192K), 8 survivors (8192K)
 Metaspace       used 176666K, committed 179072K, reserved 577536K
  class space    used 24362K, committed 25536K, reserved 421888K
}
Event: 5542.715 GC heap before
{Heap before GC invocations=142 (full 1):
 garbage-first heap   total 494592K, used 410119K [0x0000000080000000, 0x0000000100000000)
  region size 1024K, 121 young (123904K), 8 survivors (8192K)
 Metaspace       used 177352K, committed 179776K, reserved 577536K
  class space    used 24403K, committed 25600K, reserved 421888K
}
Event: 5542.855 GC heap after
{Heap after GC invocations=143 (full 1):
 garbage-first heap   total 494592K, used 299881K [0x0000000080000000, 0x0000000100000000)
  region size 1024K, 16 young (16384K), 16 survivors (16384K)
 Metaspace       used 177352K, committed 179776K, reserved 577536K
  class space    used 24403K, committed 25600K, reserved 421888K
}
Event: 5553.513 GC heap before
{Heap before GC invocations=143 (full 1):
 garbage-first heap   total 494592K, used 371561K [0x0000000080000000, 0x0000000100000000)
  region size 1024K, 81 young (82944K), 16 survivors (16384K)
 Metaspace       used 177771K, committed 180224K, reserved 577536K
  class space    used 24433K, committed 25664K, reserved 421888K
}
Event: 5553.578 GC heap after
{Heap after GC invocations=144 (full 1):
 garbage-first heap   total 494592K, used 311251K [0x0000000080000000, 0x0000000100000000)
  region size 1024K, 11 young (11264K), 11 survivors (11264K)
 Metaspace       used 177771K, committed 180224K, reserved 577536K
  class space    used 24433K, committed 25664K, reserved 421888K
}
Event: 5565.495 GC heap before
{Heap before GC invocations=144 (full 1):
 garbage-first heap   total 494592K, used 403411K [0x0000000080000000, 0x0000000100000000)
  region size 1024K, 100 young (102400K), 11 survivors (11264K)
 Metaspace       used 178312K, committed 180736K, reserved 577536K
  class space    used 24481K, committed 25664K, reserved 421888K
}
Event: 5565.567 GC heap after
{Heap after GC invocations=145 (full 1):
 garbage-first heap   total 494592K, used 316118K [0x0000000080000000, 0x0000000100000000)
  region size 1024K, 10 young (10240K), 10 survivors (10240K)
 Metaspace       used 178312K, committed 180736K, reserved 577536K
  class space    used 24481K, committed 25664K, reserved 421888K
}
Event: 5566.187 GC heap before
{Heap before GC invocations=145 (full 1):
 garbage-first heap   total 494592K, used 404182K [0x0000000080000000, 0x0000000100000000)
  region size 1024K, 97 young (99328K), 10 survivors (10240K)
 Metaspace       used 178320K, committed 180736K, reserved 577536K
  class space    used 24481K, committed 25664K, reserved 421888K
}
Event: 5566.242 GC heap after
{Heap after GC invocations=146 (full 1):
 garbage-first heap   total 494592K, used 334114K [0x0000000080000000, 0x0000000100000000)
  region size 1024K, 13 young (13312K), 13 survivors (13312K)
 Metaspace       used 178320K, committed 180736K, reserved 577536K
  class space    used 24481K, committed 25664K, reserved 421888K
}
Event: 5566.603 GC heap before
{Heap before GC invocations=146 (full 1):
 garbage-first heap   total 494592K, used 407842K [0x0000000080000000, 0x0000000100000000)
  region size 1024K, 83 young (84992K), 13 survivors (13312K)
 Metaspace       used 178328K, committed 180800K, reserved 577536K
  class space    used 24483K, committed 25664K, reserved 421888K
}
Event: 5566.675 GC heap after
{Heap after GC invocations=147 (full 1):
 garbage-first heap   total 494592K, used 351522K [0x0000000080000000, 0x0000000100000000)
  region size 1024K, 11 young (11264K), 11 survivors (11264K)
 Metaspace       used 178328K, committed 180800K, reserved 577536K
  class space    used 24483K, committed 25664K, reserved 421888K
}
Event: 5566.982 GC heap before
{Heap before GC invocations=147 (full 1):
 garbage-first heap   total 494592K, used 410914K [0x0000000080000000, 0x0000000100000000)
  region size 1024K, 68 young (69632K), 11 survivors (11264K)
 Metaspace       used 178345K, committed 180800K, reserved 577536K
  class space    used 24483K, committed 25664K, reserved 421888K
}
Event: 5567.032 GC heap after
{Heap after GC invocations=148 (full 1):
 garbage-first heap   total 494592K, used 365672K [0x0000000080000000, 0x0000000100000000)
  region size 1024K, 9 young (9216K), 9 survivors (9216K)
 Metaspace       used 178345K, committed 180800K, reserved 577536K
  class space    used 24483K, committed 25664K, reserved 421888K
}
Event: 5571.335 GC heap before
{Heap before GC invocations=148 (full 1):
 garbage-first heap   total 494592K, used 430184K [0x0000000080000000, 0x0000000100000000)
  region size 1024K, 55 young (56320K), 9 survivors (9216K)
 Metaspace       used 179591K, committed 182080K, reserved 585728K
  class space    used 24700K, committed 25920K, reserved 421888K
}
Event: 5571.371 GC heap after
{Heap after GC invocations=149 (full 1):
 garbage-first heap   total 494592K, used 381215K [0x0000000080000000, 0x0000000100000000)
  region size 1024K, 7 young (7168K), 7 survivors (7168K)
 Metaspace       used 179591K, committed 182080K, reserved 585728K
  class space    used 24700K, committed 25920K, reserved 421888K
}
Event: 5571.478 GC heap before
{Heap before GC invocations=149 (full 1):
 garbage-first heap   total 494592K, used 416031K [0x0000000080000000, 0x0000000100000000)
  region size 1024K, 42 young (43008K), 7 survivors (7168K)
 Metaspace       used 179722K, committed 182208K, reserved 585728K
  class space    used 24728K, committed 25920K, reserved 421888K
}
Event: 5571.493 GC heap after
{Heap after GC invocations=150 (full 1):
 garbage-first heap   total 494592K, used 388259K [0x0000000080000000, 0x0000000100000000)
  region size 1024K, 6 young (6144K), 6 survivors (6144K)
 Metaspace       used 179722K, committed 182208K, reserved 585728K
  class space    used 24728K, committed 25920K, reserved 421888K
}
Event: 5571.505 GC heap before
{Heap before GC invocations=150 (full 1):
 garbage-first heap   total 494592K, used 418979K [0x0000000080000000, 0x0000000100000000)
  region size 1024K, 37 young (37888K), 6 survivors (6144K)
 Metaspace       used 179728K, committed 182208K, reserved 585728K
  class space    used 24728K, committed 25920K, reserved 421888K
}

Deoptimization events (20 events):
Event: 5571.468 Thread 0x000000002e7f42e0 DEOPT PACKING pc=0x0000000012ea1140 sp=0x000000004243e8d0
Event: 5571.468 Thread 0x0000000038bad9e0 DEOPT PACKING pc=0x0000000012ea1140 sp=0x000000004263e8d0
Event: 5571.468 Thread 0x000000002e7f3940 DEOPT PACKING pc=0x0000000012ea1140 sp=0x000000003950e8d0
Event: 5571.468 Thread 0x00000000388be010 DEOPT PACKING pc=0x0000000012ea1140 sp=0x000000004233e8d0
Event: 5571.468 Thread 0x0000000024f473d0 Uncommon trap: trap_request=0xffffffde fr.pc=0x0000000012ea1140 relative=0x0000000000000dc0
Event: 5571.468 Thread 0x0000000038baf6c0 Uncommon trap: trap_request=0xffffffde fr.pc=0x0000000012ea1140 relative=0x0000000000000dc0
Event: 5571.468 Thread 0x0000000024f473d0 Uncommon trap: reason=class_check action=maybe_recompile pc=0x0000000012ea1140 method=com.android.tools.r8.dex.j0.a(Lcom/android/tools/r8/graph/a6;)V @ 113 c2
Event: 5571.468 Thread 0x0000000038baf6c0 Uncommon trap: reason=class_check action=maybe_recompile pc=0x0000000012ea1140 method=com.android.tools.r8.dex.j0.a(Lcom/android/tools/r8/graph/a6;)V @ 113 c2
Event: 5571.468 Thread 0x0000000024f473d0 DEOPT PACKING pc=0x0000000012ea1140 sp=0x000000004283e8d0
Event: 5571.468 Thread 0x0000000038baf6c0 DEOPT PACKING pc=0x0000000012ea1140 sp=0x000000003a9fe8d0
Event: 5571.468 Thread 0x0000000038baf6c0 DEOPT UNPACKING pc=0x000000000a4523a3 sp=0x000000003a9fe838 mode 2
Event: 5571.468 Thread 0x0000000038bad9e0 DEOPT UNPACKING pc=0x000000000a4523a3 sp=0x000000004263e838 mode 2
Event: 5571.468 Thread 0x0000000027f12960 DEOPT UNPACKING pc=0x000000000a4523a3 sp=0x000000004273e838 mode 2
Event: 5571.468 Thread 0x000000002e7f3940 DEOPT UNPACKING pc=0x000000000a4523a3 sp=0x000000003950e838 mode 2
Event: 5571.468 Thread 0x00000000388be010 DEOPT UNPACKING pc=0x000000000a4523a3 sp=0x000000004233e838 mode 2
Event: 5571.468 Thread 0x000000002e7f42e0 DEOPT UNPACKING pc=0x000000000a4523a3 sp=0x000000004243e838 mode 2
Event: 5571.469 Thread 0x00000000385e8290 DEOPT UNPACKING pc=0x000000000a4523a3 sp=0x000000004253e838 mode 2
Event: 5571.469 Thread 0x0000000038bae850 DEOPT UNPACKING pc=0x000000000a4523a3 sp=0x00000000369fe838 mode 2
Event: 5571.469 Thread 0x0000000024f473d0 DEOPT UNPACKING pc=0x000000000a4523a3 sp=0x000000004283e838 mode 2
Event: 5571.469 Thread 0x000000002e7f47b0 DEOPT UNPACKING pc=0x000000000a4523a3 sp=0x000000004293e838 mode 2

Classes unloaded (20 events):
Event: 5149.166 Thread 0x0000000021475630 Unloading class 0x0000000800def000 'java/lang/invoke/LambdaForm$MH+0x0000000800def000'
Event: 5149.167 Thread 0x0000000021475630 Unloading class 0x0000000800deec00 'java/lang/invoke/LambdaForm$MH+0x0000000800deec00'
Event: 5149.167 Thread 0x0000000021475630 Unloading class 0x0000000800dee800 'java/lang/invoke/LambdaForm$MH+0x0000000800dee800'
Event: 5149.167 Thread 0x0000000021475630 Unloading class 0x0000000800dee400 'java/lang/invoke/LambdaForm$MH+0x0000000800dee400'
Event: 5149.167 Thread 0x0000000021475630 Unloading class 0x0000000800dee000 'java/lang/invoke/LambdaForm$MH+0x0000000800dee000'
Event: 5149.167 Thread 0x0000000021475630 Unloading class 0x0000000800dedc00 'java/lang/invoke/LambdaForm$MH+0x0000000800dedc00'
Event: 5149.167 Thread 0x0000000021475630 Unloading class 0x0000000800ded800 'java/lang/invoke/LambdaForm$MH+0x0000000800ded800'
Event: 5149.167 Thread 0x0000000021475630 Unloading class 0x0000000800dec800 'java/lang/invoke/LambdaForm$MH+0x0000000800dec800'
Event: 5149.167 Thread 0x0000000021475630 Unloading class 0x0000000800dec400 'java/lang/invoke/LambdaForm$BMH+0x0000000800dec400'
Event: 5149.167 Thread 0x0000000021475630 Unloading class 0x0000000800d1c800 'java/lang/invoke/LambdaForm$DMH+0x0000000800d1c800'
Event: 5149.167 Thread 0x0000000021475630 Unloading class 0x0000000800d1c000 'java/lang/invoke/LambdaForm$DMH+0x0000000800d1c000'
Event: 5149.167 Thread 0x0000000021475630 Unloading class 0x0000000800ce6000 'java/lang/invoke/LambdaForm$MH+0x0000000800ce6000'
Event: 5149.167 Thread 0x0000000021475630 Unloading class 0x0000000800ce5800 'java/lang/invoke/LambdaForm$MH+0x0000000800ce5800'
Event: 5149.167 Thread 0x0000000021475630 Unloading class 0x0000000800ce5400 'java/lang/invoke/LambdaForm$MH+0x0000000800ce5400'
Event: 5149.167 Thread 0x0000000021475630 Unloading class 0x0000000800ce5000 'java/lang/invoke/LambdaForm$MH+0x0000000800ce5000'
Event: 5149.167 Thread 0x0000000021475630 Unloading class 0x0000000800ce4c00 'java/lang/invoke/LambdaForm$MH+0x0000000800ce4c00'
Event: 5149.167 Thread 0x0000000021475630 Unloading class 0x0000000800ce4400 'java/lang/invoke/LambdaForm$MH+0x0000000800ce4400'
Event: 5149.167 Thread 0x0000000021475630 Unloading class 0x0000000800c36800 'java/lang/invoke/LambdaForm$MH+0x0000000800c36800'
Event: 5149.167 Thread 0x0000000021475630 Unloading class 0x0000000800c36400 'java/lang/invoke/LambdaForm$MH+0x0000000800c36400'
Event: 5149.167 Thread 0x0000000021475630 Unloading class 0x0000000800c34000 'java/lang/invoke/LambdaForm$MH+0x0000000800c34000'

Classes redefined (0 events):
No events

Internal exceptions (20 events):
Event: 5559.322 Thread 0x00000000388bf350 Exception <a 'sun/nio/fs/WindowsException'{0x000000009b2108a8}> (0x000000009b2108a8) 
thrown [t:\workspace\open\src\hotspot\share\prims\jni.cpp, line 516]
Event: 5559.323 Thread 0x00000000388bf350 Exception <a 'sun/nio/fs/WindowsException'{0x000000009b210b38}> (0x000000009b210b38) 
thrown [t:\workspace\open\src\hotspot\share\prims\jni.cpp, line 516]
Event: 5559.332 Thread 0x00000000388bf350 Exception <a 'sun/nio/fs/WindowsException'{0x000000009b213a18}> (0x000000009b213a18) 
thrown [t:\workspace\open\src\hotspot\share\prims\jni.cpp, line 516]
Event: 5559.332 Thread 0x00000000388bf350 Exception <a 'sun/nio/fs/WindowsException'{0x000000009b213bb0}> (0x000000009b213bb0) 
thrown [t:\workspace\open\src\hotspot\share\prims\jni.cpp, line 516]
Event: 5559.333 Thread 0x00000000388bf350 Exception <a 'sun/nio/fs/WindowsException'{0x000000009b214af8}> (0x000000009b214af8) 
thrown [t:\workspace\open\src\hotspot\share\prims\jni.cpp, line 516]
Event: 5559.333 Thread 0x00000000388bf350 Exception <a 'sun/nio/fs/WindowsException'{0x000000009b214c90}> (0x000000009b214c90) 
thrown [t:\workspace\open\src\hotspot\share\prims\jni.cpp, line 516]
Event: 5559.349 Thread 0x000000003089de10 Exception <a 'sun/nio/fs/WindowsException'{0x000000009b223238}> (0x000000009b223238) 
thrown [t:\workspace\open\src\hotspot\share\prims\jni.cpp, line 516]
Event: 5568.218 Thread 0x000000003089de10 Exception <a 'java/lang/NoSuchMethodError'{0x000000009dd11a08}: 'void java.lang.invoke.DirectMethodHandle$Holder.invokeStatic(java.lang.Object, java.lang.Object, int)'> (0x000000009dd11a08) 
thrown [t:\workspace\open\src\hotspot\share\interpreter\linkResolver.cpp, line 766]
Event: 5568.366 Thread 0x0000000027f12960 Exception <a 'java/lang/IncompatibleClassChangeError'{0x000000009dcbbda8}: Found class java.lang.Object, but interface was expected> (0x000000009dcbbda8) 
thrown [t:\workspace\open\src\hotspot\share\interpreter\linkResolver.cpp, line 833]
Event: 5568.366 Thread 0x0000000038baf6c0 Exception <a 'java/lang/IncompatibleClassChangeError'{0x000000009dcb64c8}: Found class java.lang.Object, but interface was expected> (0x000000009dcb64c8) 
thrown [t:\workspace\open\src\hotspot\share\interpreter\linkResolver.cpp, line 833]
Event: 5568.393 Thread 0x0000000038baf6c0 Exception <a 'java/lang/NoSuchMethodError'{0x000000009dcedaa0}: 'java.lang.Object java.lang.invoke.DirectMethodHandle$Holder.invokeSpecial(java.lang.Object, java.lang.Object, int, java.lang.Object, java.lang.Object, java.lang.Object)'> (0x000000009dcedaa0) 
thrown [t:\workspace\open\src\hotspot\share\interpreter\linkResolver.cpp, line 766]
Event: 5568.396 Thread 0x0000000027f12960 Exception <a 'java/lang/NoSuchMethodError'{0x000000009dcea468}: 'java.lang.Object java.lang.invoke.DirectMethodHandle$Holder.invokeSpecial(java.lang.Object, java.lang.Object, int, java.lang.Object, java.lang.Object, java.lang.Object)'> (0x000000009dcea468) 
thrown [t:\workspace\open\src\hotspot\share\interpreter\linkResolver.cpp, line 766]
Event: 5568.462 Thread 0x0000000024f473d0 Exception <a 'java/lang/IncompatibleClassChangeError'{0x000000009db78680}: Found class java.lang.Object, but interface was expected> (0x000000009db78680) 
thrown [t:\workspace\open\src\hotspot\share\interpreter\linkResolver.cpp, line 833]
Event: 5568.496 Thread 0x0000000024f473d0 Exception <a 'java/lang/IncompatibleClassChangeError'{0x000000009dbcca50}: Found class java.lang.Object, but interface was expected> (0x000000009dbcca50) 
thrown [t:\workspace\open\src\hotspot\share\interpreter\linkResolver.cpp, line 833]
Event: 5568.513 Thread 0x0000000027f12960 Exception <a 'java/lang/NoSuchMethodError'{0x000000009dbf7ab8}: 'void java.lang.invoke.DirectMethodHandle$Holder.invokeStatic(java.lang.Object, java.lang.Object, java.lang.Object, java.lang.Object, java.lang.Object, java.lang.Object, java.lang.Object, java.lang.Object, java.lang.Object, java.lang.Object)'> (0x000000009dbf7ab8) 
thrown [t:\workspace\open\src\hotspot\share\interpreter\linkResolver.cpp, line 766]
Event: 5568.514 Thread 0x0000000038baf6c0 Exception <a 'java/lang/NoSuchMethodError'{0x000000009dbf2880}: 'void java.lang.invoke.DirectMethodHandle$Holder.invokeStatic(java.lang.Object, java.lang.Object, java.lang.Object, java.lang.Object, java.lang.Object, java.lang.Object, java.lang.Object, java.lang.Object, java.lang.Object, java.lang.Object)'> (0x000000009dbf2880) 
thrown [t:\workspace\open\src\hotspot\share\interpreter\linkResolver.cpp, line 766]
Event: 5569.359 Thread 0x0000000024f473d0 Exception <a 'java/lang/NoSuchMethodError'{0x000000009d787c00}: 'void java.lang.invoke.DirectMethodHandle$Holder.invokeSpecialIFC(java.lang.Object, java.lang.Object, java.lang.Object, java.lang.Object)'> (0x000000009d787c00) 
thrown [t:\workspace\open\src\hotspot\share\interpreter\linkResolver.cpp, line 766]
Event: 5570.362 Thread 0x000000003089de10 Exception <a 'java/lang/NoSuchMethodError'{0x000000009dd872e8}: 'java.lang.Object java.lang.invoke.DirectMethodHandle$Holder.newInvokeSpecial(java.lang.Object, int, java.lang.Object, java.lang.Object, java.lang.Object)'> (0x000000009dd872e8) 
thrown [t:\workspace\open\src\hotspot\share\interpreter\linkResolver.cpp, line 766]
Event: 5570.364 Thread 0x000000003089de10 Exception <a 'java/lang/NoSuchMethodError'{0x000000009dd8ba78}: 'java.lang.Object java.lang.invoke.Invokers$Holder.linkToTargetMethod(int, java.lang.Object, java.lang.Object, java.lang.Object, java.lang.Object)'> (0x000000009dd8ba78) 
thrown [t:\workspace\open\src\hotspot\share\interpreter\linkResolver.cpp, line 766]
Event: 5570.814 Thread 0x000000003089de10 Exception <a 'java/lang/NoSuchMethodError'{0x000000009c71cc78}: 'void java.lang.invoke.DirectMethodHandle$Holder.invokeStatic(java.lang.Object, java.lang.Object, java.lang.Object, java.lang.Object, java.lang.Object, java.lang.Object, java.lang.Object, java.lang.Object, java.lang.Object)'> (0x000000009c71cc78) 
thrown [t:\workspace\open\src\hotspot\share\interpreter\linkResolver.cpp, line 766]

VM Operations (20 events):
Event: 5568.314 Executing VM operation: HandshakeAllThreads done
Event: 5568.314 Executing VM operation: Cleanup
Event: 5568.324 Executing VM operation: Cleanup done
Event: 5568.590 Executing VM operation: HandshakeAllThreads
Event: 5568.591 Executing VM operation: HandshakeAllThreads done
Event: 5569.231 Executing VM operation: ICBufferFull
Event: 5569.232 Executing VM operation: ICBufferFull done
Event: 5569.394 Executing VM operation: HandshakeAllThreads
Event: 5569.395 Executing VM operation: HandshakeAllThreads done
Event: 5569.498 Executing VM operation: ICBufferFull
Event: 5569.499 Executing VM operation: ICBufferFull done
Event: 5569.893 Executing VM operation: ICBufferFull
Event: 5569.894 Executing VM operation: ICBufferFull done
Event: 5570.782 Executing VM operation: HandshakeAllThreads
Event: 5570.783 Executing VM operation: HandshakeAllThreads done
Event: 5571.335 Executing VM operation: G1CollectForAllocation
Event: 5571.371 Executing VM operation: G1CollectForAllocation done
Event: 5571.477 Executing VM operation: G1CollectForAllocation
Event: 5571.494 Executing VM operation: G1CollectForAllocation done
Event: 5571.504 Executing VM operation: G1CollectForAllocation

Events (20 events):
Event: 5562.142 Thread 0x00000000214efb80 flushing nmethod 0x000000000e51a410
Event: 5562.144 Thread 0x00000000214efb80 flushing nmethod 0x000000000e565e90
Event: 5564.604 loading class java/util/concurrent/ForkJoinTask$AdaptedCallable
Event: 5564.626 loading class java/util/concurrent/ForkJoinTask$AdaptedCallable done
Event: 5564.627 loading class java/util/concurrent/ForkJoinPool$DefaultForkJoinWorkerThreadFactory$1
Event: 5564.632 loading class java/util/concurrent/ForkJoinPool$DefaultForkJoinWorkerThreadFactory$1 done
Event: 5564.634 Thread 0x0000000038baf1f0 Thread added: 0x0000000038baf1f0
Event: 5564.658 Thread 0x0000000038bae850 Thread added: 0x0000000038bae850
Event: 5564.659 Thread 0x000000002e7f3940 Thread added: 0x000000002e7f3940
Event: 5564.675 Thread 0x0000000038baf6c0 Thread added: 0x0000000038baf6c0
Event: 5564.680 Thread 0x00000000388c1500 Thread added: 0x00000000388c1500
Event: 5564.688 Thread 0x00000000388be010 Thread added: 0x00000000388be010
Event: 5564.693 Thread 0x000000002e7f42e0 Thread added: 0x000000002e7f42e0
Event: 5564.700 Thread 0x00000000385e8290 Thread added: 0x00000000385e8290
Event: 5564.748 Thread 0x0000000038bad9e0 Thread added: 0x0000000038bad9e0
Event: 5564.829 Thread 0x0000000027f12960 Thread added: 0x0000000027f12960
Event: 5565.315 Thread 0x0000000024f473d0 Thread added: 0x0000000024f473d0
Event: 5565.442 Thread 0x000000002e7f47b0 Thread added: 0x000000002e7f47b0
Event: 5565.582 Thread 0x00000000302e4c90 Thread exited: 0x00000000302e4c90
Event: 5570.619 Thread 0x000000002d900690 Thread added: 0x000000002d900690


Dynamic libraries:
0x00007ff75a180000 - 0x00007ff75a18e000 	C:\Users\Arpit\.jabba\jdk\openjdk@1.17.0\bin\java.exe
0x00007ffb0d9c0000 - 0x00007ffb0dc27000 	C:\WINDOWS\SYSTEM32\ntdll.dll
0x00007ffb0bac0000 - 0x00007ffb0bb8b000 	C:\WINDOWS\System32\KERNEL32.DLL
0x00007ffb0ae10000 - 0x00007ffb0b211000 	C:\WINDOWS\System32\KERNELBASE.dll
0x00007ffb0b220000 - 0x00007ffb0b36c000 	C:\WINDOWS\System32\ucrtbase.dll
0x00007ffb04b00000 - 0x00007ffb04b18000 	C:\Users\Arpit\.jabba\jdk\openjdk@1.17.0\bin\jli.dll
0x00007ffad4150000 - 0x00007ffad416a000 	C:\Users\Arpit\.jabba\jdk\openjdk@1.17.0\bin\VCRUNTIME140.dll
0x00007ffb0d6a0000 - 0x00007ffb0d877000 	C:\WINDOWS\System32\USER32.dll
0x00007ffb0b550000 - 0x00007ffb0b577000 	C:\WINDOWS\System32\win32u.dll
0x00007ffafa570000 - 0x00007ffafa800000 	C:\WINDOWS\WinSxS\amd64_microsoft.windows.common-controls_6595b64144ccf1df_6.0.26100.9549_none_3e0a0396e3330090\COMCTL32.dll
0x00007ffb0c040000 - 0x00007ffb0c0e9000 	C:\WINDOWS\System32\msvcrt.dll
0x00007ffb0b8f0000 - 0x00007ffb0b91b000 	C:\WINDOWS\System32\GDI32.dll
0x00007ffb0b420000 - 0x00007ffb0b548000 	C:\WINDOWS\System32\gdi32full.dll
0x00007ffb0b370000 - 0x00007ffb0b413000 	C:\WINDOWS\System32\msvcp_win.dll
0x00007ffb0d000000 - 0x00007ffb0d031000 	C:\WINDOWS\System32\IMM32.DLL
0x00007ffad4140000 - 0x00007ffad414c000 	C:\Users\Arpit\.jabba\jdk\openjdk@1.17.0\bin\vcruntime140_1.dll
0x00007ffa4a040000 - 0x00007ffa4a0cd000 	C:\Users\Arpit\.jabba\jdk\openjdk@1.17.0\bin\msvcp140.dll
0x00007ffa44560000 - 0x00007ffa4511e000 	C:\Users\Arpit\.jabba\jdk\openjdk@1.17.0\bin\server\jvm.dll
0x00007ffb0b710000 - 0x00007ffb0b7cb000 	C:\WINDOWS\System32\ADVAPI32.dll
0x00007ffb0c0f0000 - 0x00007ffb0c198000 	C:\WINDOWS\System32\sechost.dll
0x00007ffb0b7d0000 - 0x00007ffb0b8e8000 	C:\WINDOWS\System32\RPCRT4.dll
0x00007ffb0bc30000 - 0x00007ffb0bc38000 	C:\WINDOWS\System32\PSAPI.DLL
0x00007ffad4130000 - 0x00007ffad413a000 	C:\WINDOWS\SYSTEM32\WSOCK32.dll
0x00007ffb029c0000 - 0x00007ffb029f7000 	C:\WINDOWS\SYSTEM32\WINMM.dll
0x00007ffb0bb90000 - 0x00007ffb0bc11000 	C:\WINDOWS\System32\WS2_32.dll
0x00007ffb042d0000 - 0x00007ffb042db000 	C:\WINDOWS\SYSTEM32\VERSION.dll
0x00007ffb09920000 - 0x00007ffb0993b000 	C:\WINDOWS\SYSTEM32\kernel.appcore.dll
0x00007ffad4120000 - 0x00007ffad412a000 	C:\Users\Arpit\.jabba\jdk\openjdk@1.17.0\bin\jimage.dll
0x00007ffb08440000 - 0x00007ffb0868c000 	C:\WINDOWS\SYSTEM32\DBGHELP.DLL
0x00007ffb0d120000 - 0x00007ffb0d4aa000 	C:\WINDOWS\System32\combase.dll
0x00007ffb0d040000 - 0x00007ffb0d119000 	C:\WINDOWS\System32\OLEAUT32.dll
0x00007ffafa810000 - 0x00007ffafa84b000 	C:\WINDOWS\SYSTEM32\dbgcore.DLL
0x00007ffb0ac10000 - 0x00007ffb0acbc000 	C:\WINDOWS\System32\bcryptPrimitives.dll
0x00007ffaa8100000 - 0x00007ffaa810e000 	C:\Users\Arpit\.jabba\jdk\openjdk@1.17.0\bin\instrument.dll
0x00007ffa95eb0000 - 0x00007ffa95ed5000 	C:\Users\Arpit\.jabba\jdk\openjdk@1.17.0\bin\java.dll
0x00007ffa45c60000 - 0x00007ffa45d36000 	C:\Users\Arpit\.jabba\jdk\openjdk@1.17.0\bin\svml.dll
0x00007ffb0c700000 - 0x00007ffb0ce9c000 	C:\WINDOWS\System32\SHELL32.dll
0x00007ffb08700000 - 0x00007ffb08fad000 	C:\WINDOWS\SYSTEM32\windows.storage.dll
0x00007ffb0d540000 - 0x00007ffb0d639000 	C:\WINDOWS\System32\SHCORE.dll
0x00007ffb0b920000 - 0x00007ffb0b986000 	C:\WINDOWS\System32\shlwapi.dll
0x00007ffb0ab30000 - 0x00007ffb0ab59000 	C:\WINDOWS\SYSTEM32\profapi.dll
0x00007ffa95e90000 - 0x00007ffa95ea8000 	C:\Users\Arpit\.jabba\jdk\openjdk@1.17.0\bin\zip.dll
0x00007ffad4100000 - 0x00007ffad4119000 	C:\Users\Arpit\.jabba\jdk\openjdk@1.17.0\bin\net.dll
0x00007ffb04130000 - 0x00007ffb0425a000 	C:\WINDOWS\SYSTEM32\WINHTTP.dll
0x00007ffb09eb0000 - 0x00007ffb09f1c000 	C:\WINDOWS\system32\mswsock.dll
0x00007ffad40a0000 - 0x00007ffad40b5000 	C:\Users\Arpit\.jabba\jdk\openjdk@1.17.0\bin\nio.dll
0x00007ffaa8110000 - 0x00007ffaa8120000 	C:\Users\Arpit\.jabba\jdk\openjdk@1.17.0\bin\verify.dll
0x00007ffa59e90000 - 0x00007ffa59eb7000 	C:\Users\Arpit\.gradle\native\660c5614fbf4a5f2a75b1949f50a0caf5cd603558e7d8a26e50b933a0cfb79d1\windows-amd64\native-platform.dll
0x00007ffa3f750000 - 0x00007ffa3f7c7000 	C:\Users\Arpit\.gradle\native\0.2.8\x86_64-windows-gnu\gradle-fileevents.dll
0x00007ffafa850000 - 0x00007ffafa859000 	C:\Users\Arpit\.jabba\jdk\openjdk@1.17.0\bin\management.dll
0x00007ffae0b30000 - 0x00007ffae0b3b000 	C:\Users\Arpit\.jabba\jdk\openjdk@1.17.0\bin\management_ext.dll
0x00007ffb092b0000 - 0x00007ffb092e3000 	C:\WINDOWS\SYSTEM32\IPHLPAPI.DLL
0x00007ffb0c6f0000 - 0x00007ffb0c6fa000 	C:\WINDOWS\System32\NSI.dll
0x00007ffb042e0000 - 0x00007ffb042fe000 	C:\WINDOWS\SYSTEM32\dhcpcsvc6.DLL
0x00007ffb03660000 - 0x00007ffb03685000 	C:\WINDOWS\SYSTEM32\dhcpcsvc.DLL
0x00007ffb09350000 - 0x00007ffb094a8000 	C:\WINDOWS\SYSTEM32\DNSAPI.dll
0x00007ffb09cd0000 - 0x00007ffb09cdd000 	C:\WINDOWS\SYSTEM32\DSPARSE.dll
0x00007ffb0a1a0000 - 0x00007ffb0a1bb000 	C:\WINDOWS\SYSTEM32\CRYPTSP.dll
0x00007ffb09880000 - 0x00007ffb098b9000 	C:\WINDOWS\system32\rsaenh.dll
0x00007ffb09f50000 - 0x00007ffb09f84000 	C:\WINDOWS\SYSTEM32\USERENV.dll
0x00007ffb0ab00000 - 0x00007ffb0ab2a000 	C:\WINDOWS\SYSTEM32\bcrypt.dll
0x00007ffb0a190000 - 0x00007ffb0a19c000 	C:\WINDOWS\SYSTEM32\CRYPTBASE.dll
0x00007ffad2660000 - 0x00007ffad266e000 	C:\Users\Arpit\.jabba\jdk\openjdk@1.17.0\bin\sunmscapi.dll
0x00007ffb0b580000 - 0x00007ffb0b6ff000 	C:\WINDOWS\System32\CRYPT32.dll
0x00007ffb0a3d0000 - 0x00007ffb0a400000 	C:\WINDOWS\SYSTEM32\ncrypt.dll
0x00007ffb0a380000 - 0x00007ffb0a3bf000 	C:\WINDOWS\SYSTEM32\NTASN1.dll
0x00007ffadccb0000 - 0x00007ffadccb8000 	C:\WINDOWS\system32\wshunix.dll
0x00007ffb075d0000 - 0x00007ffb0766f000 	C:\WINDOWS\system32\apphelp.dll
0x00007ffaf69e0000 - 0x00007ffaf69e7000 	C:\Users\Arpit\.jabba\jdk\openjdk@1.17.0\bin\rmi.dll
0x00007ffb09a50000 - 0x00007ffb09a86000 	C:\WINDOWS\SYSTEM32\ntmarta.dll

dbghelp: loaded successfully - version: 4.0.5 - missing functions: none
symbol engine: initialized successfully - sym options: 0x614 - pdb path: .;C:\Users\Arpit\.jabba\jdk\openjdk@1.17.0\bin;C:\WINDOWS\SYSTEM32;C:\WINDOWS\WinSxS\amd64_microsoft.windows.common-controls_6595b64144ccf1df_6.0.26100.9549_none_3e0a0396e3330090;C:\Users\Arpit\.jabba\jdk\openjdk@1.17.0\bin\server;C:\Users\Arpit\.gradle\native\660c5614fbf4a5f2a75b1949f50a0caf5cd603558e7d8a26e50b933a0cfb79d1\windows-amd64;C:\Users\Arpit\.gradle\native\0.2.8\x86_64-windows-gnu

VM Arguments:
jvm_args: --add-opens=java.base/java.lang=ALL-UNNAMED --add-opens=java.base/java.lang.invoke=ALL-UNNAMED --add-opens=java.base/java.util=ALL-UNNAMED --add-opens=java.prefs/java.util.prefs=ALL-UNNAMED --add-exports=jdk.compiler/com.sun.tools.javac.api=ALL-UNNAMED --add-exports=jdk.compiler/com.sun.tools.javac.util=ALL-UNNAMED --add-opens=java.base/java.util=ALL-UNNAMED --add-opens=java.prefs/java.util.prefs=ALL-UNNAMED --add-opens=java.base/java.nio.charset=ALL-UNNAMED --add-opens=java.base/java.net=ALL-UNNAMED --add-opens=java.base/java.util.concurrent=ALL-UNNAMED --add-opens=java.base/java.util.concurrent.atomic=ALL-UNNAMED --add-opens=java.xml/javax.xml.namespace=ALL-UNNAMED --add-opens=java.base/java.time=ALL-UNNAMED -XX:MaxMetaspaceSize=512m -Xmx2048m -Dfile.encoding=windows-1252 -Duser.country=US -Duser.language=en -Duser.variant -javaagent:C:\Users\Arpit\.gradle\wrapper\dists\gradle-9.4.1-bin\arn2x92ynaizyzdaamcbpbhtj\gradle-9.4.1\lib\agents\gradle-instrumentation-agent-9.4.1.jar 
java_command: org.gradle.launcher.daemon.bootstrap.GradleDaemon 9.4.1
java_class_path (initial): C:\Users\Arpit\.gradle\wrapper\dists\gradle-9.4.1-bin\arn2x92ynaizyzdaamcbpbhtj\gradle-9.4.1\lib\gradle-daemon-main-9.4.1.jar
Launcher Type: SUN_STANDARD

[Global flags]
     intx CICompilerCount                          = 4                                         {product} {ergonomic}
   size_t CompressedClassSpaceSize                 = 432013312                                 {product} {ergonomic}
     uint ConcGCThreads                            = 3                                         {product} {ergonomic}
     uint G1ConcRefinementThreads                  = 10                                        {product} {ergonomic}
   size_t G1HeapRegionSize                         = 1048576                                   {product} {ergonomic}
    uintx GCDrainStackTargetSize                   = 64                                        {product} {ergonomic}
   size_t InitialHeapSize                          = 98566144                                  {product} {ergonomic}
   size_t MarkStackSize                            = 4194304                                   {product} {ergonomic}
   size_t MaxHeapSize                              = 2147483648                                {product} {command line}
   size_t MaxMetaspaceSize                         = 536870912                                 {product} {command line}
   size_t MaxNewSize                               = 1287651328                                {product} {ergonomic}
   size_t MinHeapDeltaBytes                        = 1048576                                   {product} {ergonomic}
   size_t MinHeapSize                              = 8388608                                   {product} {ergonomic}
    uintx NonNMethodCodeHeapSize                   = 5839372                                {pd product} {ergonomic}
    uintx NonProfiledCodeHeapSize                  = 122909434                              {pd product} {ergonomic}
    uintx ProfiledCodeHeapSize                     = 122909434                              {pd product} {ergonomic}
    uintx ReservedCodeCacheSize                    = 251658240                              {pd product} {ergonomic}
     bool SegmentedCodeCache                       = true                                      {product} {ergonomic}
   size_t SoftMaxHeapSize                          = 2147483648                             {manageable} {ergonomic}
     bool UseCompressedClassPointers               = true                           {product lp64_product} {ergonomic}
     bool UseCompressedOops                        = true                           {product lp64_product} {ergonomic}
     bool UseG1GC                                  = true                                      {product} {ergonomic}
     bool UseLargePagesIndividualAllocation        = false                                  {pd product} {ergonomic}

Logging:
Log output configuration:
 #0: stdout all=warning uptime,level,tags
 #1: stderr all=off uptime,level,tags

Environment Variables:
JAVA_HOME=C:\Users\Arpit\.jabba\jdk\openjdk@1.17.0
PATH=C:\Users\Arpit\Downloads\Jamin_Drawer\node_modules\.bin;C:\Users\Arpit\Downloads\Jamin_Drawer\node_modules\.bin;C:\Users\Arpit\Downloads\node_modules\.bin;C:\Users\Arpit\node_modules\.bin;C:\Users\node_modules\.bin;C:\node_modules\.bin;C:\Users\Arpit\AppData\Roaming\npm\node_modules\npm\node_modules\@npmcli\run-script\lib\node-gyp-bin;c:\Users\Arpit\AppData\Roaming\Code\User\globalStorage\github.copilot-chat\debugCommand;c:\Users\Arpit\AppData\Roaming\Code\User\globalStorage\github.copilot-chat\copilotCli;C:\Users\Arpit\.jabba\jdk\openjdk@1.17.0\bin;C:\WINDOWS\system32;C:\WINDOWS;C:\WINDOWS\System32\Wbem;C:\WINDOWS\System32\WindowsPowerShell\v1.0\;C:\WINDOWS\System32\OpenSSH\;C:\Program Files\Git\cmd;C:\Program Files\Git;C:\mingw64\bin;C:\Users\Arpit\AppData\Local\nvm;C:\nvm4w\nodejs;C:\Users\Arpit\AppData\Local\Android\Sdk\platform-tools;C:\Users\Arpit\AppData\Local\Android\Sdk\cmdline-tools\latest\bin;C:\Users\Arpit\AppData\Local\Android\Sdk\emulator;C:\Users\Arpit\AppData\Local\Android\Sdk\build-tools\36.0.0;C:\Users\Arpit\AppData\Roaming\npm;C:\Users\Arpit\AppData\Local\Programs\Microsoft VS Code\bin;C:\Users\Arpit\AppData\Local\agy\bin;C:\Users\Arpit\AppData\Local\Android\Sdk\platform-tools;C:\Users\Arpit\scoop\apps\temurin17-jdk\current\bin;C:\Users\Arpit\scoop\apps\temurin24-jdk\current\bin;C:\Users\Arpit\scoop\shims;C:\Users\Arpit\AppData\Local\Programs\Python\Python311\Scripts\;C:\Users\Arpit\AppData\Local\Programs\Python\Python311\;C:\Users\Arpit\AppData\Local\Microsoft\WindowsApps;C:\Program Files\JetBrains\PyCharm Community Edition 2023.1.3\bin;;C:\Users\Arpit\AppData\Roaming\npm;C:\Users\Arpit\AppData\Local\Programs\Microsoft VS Code\bin;C:\Users\Arpit\AppData\Local\nvm;C:\nvm4w\nodejs;C:\Users\Arpit\AppData\Local\Programs\Antigravity\bin
USERNAME=Arpit
LANG=en_US.UTF-8
OS=Windows_NT
PROCESSOR_IDENTIFIER=AMD64 Family 23 Model 104 Stepping 1, AuthenticAMD



---------------  S Y S T E M  ---------------

OS:
 Windows 10 , 64 bit Build 26100 (10.0.26100.9549)
OS uptime: 0 days 1:35 hours
Hyper-V role detected

CPU: total 12 (initial active 12) (12 cores per cpu, 2 threads per core) family 23 model 104 stepping 1 microcode 0x8608103, cx8, cmov, fxsr, ht, mmx, 3dnowpref, sse, sse2, sse3, ssse3, sse4a, sse4.1, sse4.2, popcnt, lzcnt, tsc, tscinvbit, avx, avx2, aes, clmul, bmi1, bmi2, adx, sha, fma, vzeroupper, clflush, clflushopt, hv

Memory: 4k page, system-wide physical 5989M (411M free)
TotalPageFile size 24421M (AvailPageFile size 199M)
current process WorkingSet (physical memory assigned to process): 364M, peak: 837M
current process commit charge ("private bytes"): 1031M, peak: 1346M

vm_info: OpenJDK 64-Bit Server VM (17+35-2724) for windows-amd64 JRE (17+35-2724), built on Aug  5 2021 23:26:02 by "mach5one" with MS VC++ 16.8 (VS2019)

END.
